2017-02-01T22:15:00Z,,0.7588,0.7585,0.7588,0.75868,0.7587,0.7585,0.7587,0.75864,-1
2017-02-01T22:16:00Z,,0.7587,0.75864,0.7587,0.75864,0.7587,0.75857,0.7587,0.75857,-1
2017-02-01T22:17:00Z,,0.7587,0.75857,0.7587,0.75864,0.7587,0.75857,0.7587,0.75863,-1
2017-02-01T22:18:00Z,,0.7587,0.75863,0.7587,0.75863,0.75868,0.75855,0.7587,0.75859,-1
2017-02-01T22:19:00Z,,0.7587,0.75859,0.75887,0.75882,0.7587,0.75857,0.75883,0.7588,-1
2017-02-01T22:20:00Z,,0.75883,0.7588,0.75883,0.7588,0.7587,0.75858,0.75871,0.75863,-1
2017-02-01T22:21:00Z,,0.75871,0.75863,0.75877,0.75871,0.75871,0.7586,0.75877,0.75871,-1
2017-02-01T22:22:00Z,,0.75877,0.75871,0.75882,0.75873,0.75877,0.75867,0.75881,0.75867,-1
2017-02-01T22:23:00Z,,0.75881,0.75867,0.75882,0.75871,0.75879,0.75867,0.75881,0.75867,-1
2017-02-01T22:24:00Z,,0.75881,0.75867,0.75882,0.75869,0.75856,0.75847,0.75859,0.75847,-1
2017-02-01T22:25:00Z,,0.75859,0.75847,0.75859,0.75847,0.75855,0.75847,0.75855,0.75847,-1
2017-02-01T22:26:00Z,,0.75855,0.75847,0.75861,0.75854,0.75854,0.75847,0.75859,0.75854,-1
2017-02-01T22:27:00Z,,0.75859,0.75854,0.75859,0.75854,0.75853,0.75847,0.75855,0.75847,-1
2017-02-01T22:28:00Z,,0.75855,0.75847,0.75858,0.75847,0.75855,0.75846,0.75858,0.75846,-1
2017-02-01T22:29:00Z,,0.75858,0.75846,0.75859,0.75846,0.75851,0.75841,0.75851,0.75841,-1
2017-02-01T22:30:00Z,,0.75851,0.75841,0.75864,0.75851,0.75845,0.75836,0.75847,0.75838,-1
2017-02-01T22:31:00Z,,0.75847,0.75838,0.7586,0.75846,0.7584,0.75831,0.75858,0.75845,-1
2017-02-01T22:32:00Z,,0.75858,0.75845,0.75868,0.75852,0.75855,0.75842,0.75855,0.75842,-1
2017-02-01T22:33:00Z,,0.75855,0.75842,0.75858,0.75844,0.75855,0.75841,0.75858,0.75843,-1
2017-02-01T22:34:00Z,,0.75858,0.75843,0.75858,0.75843,0.75855,0.7584,0.75858,0.75841,-1
2017-02-01T22:35:00Z,,0.75858,0.75841,0.75858,0.75841,0.75855,0.75837,0.75855,0.75837,-1
2017-02-01T22:36:00Z,,0.75855,0.75837,0.7586,0.75842,0.75843,0.75831,0.75859,0.7584,-1
2017-02-01T22:37:00Z,,0.75859,0.7584,0.75865,0.75842,0.75832,0.75826,0.75838,0.75826,-1
2017-02-01T22:38:00Z,,0.75838,0.75826,0.75841,0.75838,0.75833,0.75826,0.75835,0.75826,-1
2017-02-01T22:39:00Z,,0.75835,0.75826,0.75839,0.75827,0.75834,0.75823,0.75834,0.75823,-1
2017-02-01T22:40:00Z,,0.75834,0.75823,0.75836,0.75826,0.75827,0.75816,0.75832,0.75822,-1
2017-02-01T22:41:00Z,,0.75832,0.75822,0.75846,0.75836,0.75831,0.75819,0.75841,0.75826,-1
2017-02-01T22:42:00Z,,0.75841,0.75826,0.75845,0.75833,0.75832,0.75826,0.75838,0.75833,-1
2017-02-01T22:43:00Z,,0.75838,0.75833,0.75847,0.75843,0.75838,0.75833,0.75846,0.75838,-1
2017-02-01T22:44:00Z,,0.75846,0.75838,0.75872,0.75862,0.75843,0.75837,0.75859,0.75852,-1
2017-02-01T22:45:00Z,,0.75859,0.75852,0.75872,0.75862,0.75859,0.75852,0.75866,0.75855,-1
2017-02-01T22:46:00Z,,0.75866,0.75855,0.75866,0.75855,0.75861,0.75853,0.75861,0.75853,-1
2017-02-01T22:47:00Z,,0.75861,0.75853,0.75861,0.75854,0.75842,0.75838,0.75844,0.75838,-1
2017-02-01T22:48:00Z,,0.75844,0.75838,0.75844,0.75838,0.75844,0.75838,0.75844,0.75838,-1
2017-02-01T22:49:00Z,,0.75844,0.75838,0.75852,0.75844,0.75837,0.75832,0.75837,0.75832,-1
2017-02-01T22:50:00Z,,0.75837,0.75832,0.75844,0.75837,0.7582,0.7581,0.75822,0.7581,-1
2017-02-01T22:51:00Z,,0.75822,0.7581,0.75824,0.75817,0.7582,0.75809,0.75823,0.75815,-1
2017-02-01T22:52:00Z,,0.75823,0.75815,0.75829,0.75828,0.75818,0.75812,0.75818,0.75814,-1
2017-02-01T22:53:00Z,,0.75818,0.75814,0.75819,0.75817,0.75799,0.75797,0.75816,0.7581,-1
2017-02-01T22:54:00Z,,0.75816,0.7581,0.75819,0.75814,0.75813,0.75809,0.75817,0.75814,-1
2017-02-01T22:55:00Z,,0.75817,0.75814,0.75818,0.75814,0.75811,0.75808,0.75812,0.75808,-1
2017-02-01T22:56:00Z,,0.75812,0.75808,0.75815,0.75809,0.75812,0.75808,0.75812,0.75809,-1
2017-02-01T22:57:00Z,,0.75812,0.75809,0.75816,0.75809,0.75805,0.758,0.7581,0.75804,-1
2017-02-01T22:58:00Z,,0.7581,0.75804,0.75814,0.75808,0.75795,0.7579,0.75809,0.75806,-1
2017-02-01T22:59:00Z,,0.75809,0.75806,0.75809,0.75806,0.758,0.75794,0.75805,0.75799,-1
2017-02-01T23:00:00Z,,0.75805,0.75799,0.75851,0.75848,0.758,0.75796,0.7584,0.75836,-1
2017-02-01T23:01:00Z,,0.7584,0.75836,0.75843,0.75839,0.75834,0.75829,0.75838,0.75834,-1
2017-02-01T23:02:00Z,,0.75838,0.75834,0.75838,0.75835,0.7583,0.75827,0.75831,0.75827,-1
2017-02-01T23:03:00Z,,0.75831,0.75827,0.75831,0.75829,0.75826,0.75825,0.7583,0.75826,-1
2017-02-01T23:04:00Z,,0.7583,0.75826,0.75833,0.75828,0.75829,0.75825,0.75833,0.75828,-1
2017-02-01T23:05:00Z,,0.75833,0.75828,0.75834,0.7583,0.75826,0.75821,0.75826,0.75821,-1
2017-02-01T23:06:00Z,,0.75826,0.75821,0.75842,0.75838,0.75825,0.75821,0.75836,0.7583,-1
2017-02-01T23:07:00Z,,0.75836,0.7583,0.75848,0.75842,0.75836,0.7583,0.75847,0.75841,-1
2017-02-01T23:08:00Z,,0.75847,0.75841,0.75847,0.75842,0.75836,0.7583,0.75844,0.75838,-1
2017-02-01T23:09:00Z,,0.75844,0.75838,0.75845,0.75838,0.7583,0.75828,0.75844,0.75838,-1
2017-02-01T23:10:00Z,,0.75844,0.75838,0.75844,0.75838,0.75829,0.75823,0.75837,0.75832,-1
2017-02-01T23:11:00Z,,0.75837,0.75832,0.75839,0.75832,0.75824,0.75818,0.75826,0.75819,-1
2017-02-01T23:12:00Z,,0.75826,0.75819,0.75827,0.75821,0.75823,0.75818,0.75826,0.75819,-1
2017-02-01T23:13:00Z,,0.75826,0.75819,0.75829,0.75826,0.75825,0.75819,0.75826,0.75819,-1
2017-02-01T23:14:00Z,,0.75826,0.75819,0.75826,0.75823,0.75813,0.7581,0.75815,0.75811,-1
2017-02-01T23:15:00Z,,0.75815,0.75811,0.75817,0.75813,0.758,0.75799,0.75804,0.758,-1
2017-02-01T23:16:00Z,,0.75804,0.758,0.75811,0.75809,0.75804,0.758,0.75804,0.758,-1
2017-02-01T23:17:00Z,,0.75804,0.758,0.75806,0.758,0.75804,0.758,0.75806,0.758,-1
2017-02-01T23:18:00Z,,0.75806,0.758,0.75807,0.758,0.75795,0.75791,0.75795,0.75791,-1
2017-02-01T23:19:00Z,,0.75795,0.75791,0.75797,0.75792,0.75781,0.75777,0.75784,0.7578,-1
2017-02-01T23:20:00Z,,0.75784,0.7578,0.75786,0.75781,0.75781,0.75777,0.75783,0.75778,-1
2017-02-01T23:21:00Z,,0.75783,0.75778,0.75785,0.75784,0.75778,0.75776,0.75783,0.75779,-1
2017-02-01T23:22:00Z,,0.75783,0.75779,0.75796,0.75793,0.75783,0.75779,0.75794,0.7579,-1
2017-02-01T23:23:00Z,,0.75794,0.7579,0.75797,0.75792,0.75794,0.75789,0.75797,0.75792,-1
2017-02-01T23:24:00Z,,0.75797,0.75792,0.75797,0.75793,0.75792,0.75789,0.75794,0.7579,-1
2017-02-01T23:25:00Z,,0.75794,0.7579,0.75795,0.7579,0.75784,0.7578,0.75789,0.75786,-1
2017-02-01T23:26:00Z,,0.75789,0.75786,0.75798,0.75794,0.75789,0.75785,0.75798,0.75794,-1
2017-02-01T23:27:00Z,,0.75798,0.75794,0.75798,0.75794,0.75796,0.75794,0.75797,0.75794,-1
2017-02-01T23:28:00Z,,0.75797,0.75794,0.75798,0.75795,0.75796,0.75794,0.75798,0.75794,-1
2017-02-01T23:29:00Z,,0.75798,0.75794,0.75799,0.75795,0.75797,0.75794,0.75798,0.75795,-1
2017-02-01T23:30:00Z,,0.75798,0.75795,0.75807,0.75802,0.75798,0.75795,0.75799,0.75795,-1
2017-02-01T23:31:00Z,,0.75799,0.75795,0.75821,0.75815,0.75797,0.75795,0.75818,0.75813,-1
2017-02-01T23:32:00Z,,0.75818,0.75813,0.75827,0.75823,0.75817,0.75813,0.75827,0.75823,-1
2017-02-01T23:33:00Z,,0.75827,0.75823,0.7584,0.75839,0.75825,0.75822,0.7584,0.75835,-1
2017-02-01T23:34:00Z,,0.7584,0.75835,0.75864,0.75859,0.7584,0.75835,0.7586,0.75856,-1
2017-02-01T23:35:00Z,,0.7586,0.75856,0.75867,0.75862,0.75853,0.75851,0.75864,0.75861,-1
2017-02-01T23:36:00Z,,0.75864,0.75861,0.75867,0.75863,0.7586,0.75857,0.75867,0.75862,-1
2017-02-01T23:37:00Z,,0.75867,0.75862,0.75868,0.75866,0.75856,0.75852,0.75857,0.75853,-1
2017-02-01T23:38:00Z,,0.75857,0.75853,0.75865,0.75859,0.75857,0.75852,0.75858,0.75852,-1
2017-02-01T23:39:00Z,,0.75858,0.75852,0.75859,0.75853,0.75853,0.75851,0.75857,0.75853,-1
2017-02-01T23:40:00Z,,0.75857,0.75853,0.75857,0.75853,0.75843,0.75839,0.75844,0.7584,-1
2017-02-01T23:41:00Z,,0.75844,0.7584,0.75847,0.75843,0.75843,0.7584,0.75847,0.75843,-1
2017-02-01T23:42:00Z,,0.75847,0.75843,0.75847,0.75843,0.75843,0.75839,0.75844,0.75839,-1
2017-02-01T23:43:00Z,,0.75844,0.75839,0.75846,0.75843,0.75841,0.75838,0.75842,0.75841,-1
2017-02-01T23:44:00Z,,0.75842,0.75841,0.75845,0.75841,0.75823,0.75818,0.75828,0.75824,-1
2017-02-01T23:45:00Z,,0.75828,0.75824,0.75843,0.7584,0.75825,0.7582,0.75825,0.75821,-1
2017-02-01T23:46:00Z,,0.75825,0.75821,0.75832,0.75828,0.75823,0.75818,0.75823,0.75818,-1
2017-02-01T23:47:00Z,,0.75823,0.75818,0.75824,0.75818,0.75814,0.75811,0.75816,0.75813,-1
2017-02-01T23:48:00Z,,0.75816,0.75813,0.75823,0.7582,0.75806,0.75803,0.75821,0.75819,-1
2017-02-01T23:49:00Z,,0.75821,0.75819,0.75823,0.75821,0.75815,0.75812,0.75815,0.75812,-1
2017-02-01T23:50:00Z,,0.75815,0.75812,0.75816,0.75815,0.75811,0.75807,0.75811,0.75808,-1
2017-02-01T23:51:00Z,,0.75811,0.75808,0.75812,0.7581,0.75806,0.75802,0.75812,0.75808,-1
2017-02-01T23:52:00Z,,0.75812,0.75808,0.75819,0.75815,0.75812,0.75807,0.75818,0.75813,-1
2017-02-01T23:53:00Z,,0.75818,0.75813,0.75819,0.75816,0.75813,0.7581,0.75817,0.75814,-1
2017-02-01T23:54:00Z,,0.75817,0.75814,0.75829,0.75827,0.75817,0.75814,0.75825,0.75823,-1
2017-02-01T23:55:00Z,,0.75825,0.75823,0.75833,0.75829,0.75822,0.75817,0.75822,0.75817,-1
2017-02-01T23:56:00Z,,0.75822,0.75817,0.75822,0.7582,0.75811,0.75808,0.75819,0.75818,-1
2017-02-01T23:57:00Z,,0.75819,0.75818,0.75825,0.75822,0.75819,0.75817,0.75822,0.75817,-1
2017-02-01T23:58:00Z,,0.75822,0.75817,0.75823,0.75821,0.75821,0.75817,0.75822,0.75819,-1
2017-02-01T23:59:00Z,,0.75822,0.75819,0.75842,0.75835,0.75822,0.75819,0.75831,0.75827,-1
2017-02-02T00:00:00Z,,0.75831,0.75827,0.7586,0.75855,0.75828,0.75827,0.75853,0.75849,-1
2017-02-02T00:01:00Z,,0.75853,0.75849,0.75876,0.75872,0.75847,0.75844,0.75876,0.7587,-1
2017-02-02T00:02:00Z,,0.75876,0.7587,0.75876,0.75873,0.75858,0.75856,0.75863,0.75856,-1
2017-02-02T00:03:00Z,,0.75863,0.75856,0.75877,0.75871,0.7586,0.75854,0.75873,0.7587,-1
2017-02-02T00:04:00Z,,0.75873,0.7587,0.75877,0.75871,0.75865,0.75861,0.75873,0.75868,-1
2017-02-02T00:05:00Z,,0.75873,0.75868,0.7588,0.75879,0.75872,0.75867,0.7588,0.75875,-1
2017-02-02T00:06:00Z,,0.7588,0.75875,0.75908,0.75902,0.7588,0.75874,0.75906,0.75902,-1
2017-02-02T00:07:00Z,,0.75906,0.75902,0.75907,0.75902,0.75888,0.75881,0.7589,0.75884,-1
2017-02-02T00:08:00Z,,0.7589,0.75884,0.75905,0.759,0.75883,0.75879,0.75905,0.759,-1
2017-02-02T00:09:00Z,,0.75905,0.759,0.75905,0.75902,0.75883,0.7588,0.75893,0.75887,-1
2017-02-02T00:10:00Z,,0.75893,0.75887,0.759,0.75894,0.7589,0.75886,0.75899,0.75892,-1
2017-02-02T00:11:00Z,,0.75899,0.75892,0.75913,0.75909,0.75895,0.75891,0.75908,0.75904,-1
2017-02-02T00:12:00Z,,0.75908,0.75904,0.75919,0.75915,0.75905,0.759,0.75918,0.75912,-1
2017-02-02T00:13:00Z,,0.75918,0.75912,0.7592,0.75915,0.75911,0.75909,0.75918,0.75912,-1
2017-02-02T00:14:00Z,,0.75918,0.75912,0.7592,0.75917,0.75916,0.75912,0.75917,0.75916,-1
2017-02-02T00:15:00Z,,0.75917,0.75916,0.75935,0.75933,0.75915,0.75913,0.75927,0.75921,-1
2017-02-02T00:16:00Z,,0.75927,0.75921,0.75935,0.75931,0.75917,0.75915,0.75934,0.75931,-1
2017-02-02T00:17:00Z,,0.75934,0.75931,0.75935,0.75933,0.75928,0.75925,0.75929,0.75927,-1
2017-02-02T00:18:00Z,,0.75929,0.75927,0.75935,0.7593,0.75928,0.75924,0.7593,0.75925,-1
2017-02-02T00:19:00Z,,0.7593,0.75925,0.75936,0.75934,0.75927,0.75925,0.75936,0.75931,-1
2017-02-02T00:20:00Z,,0.75936,0.75931,0.75937,0.75932,0.75927,0.75925,0.75934,0.75931,-1
2017-02-02T00:21:00Z,,0.75934,0.75931,0.75944,0.7594,0.75928,0.75923,0.7594,0.75937,-1
2017-02-02T00:22:00Z,,0.7594,0.75937,0.75981,0.75979,0.75934,0.75933,0.75978,0.75975,-1
2017-02-02T00:23:00Z,,0.75978,0.75975,0.7602,0.76019,0.75972,0.7597,0.75995,0.75988,-1
2017-02-02T00:24:00Z,,0.75995,0.75988,0.7602,0.76018,0.75994,0.75988,0.76016,0.76013,-1
2017-02-02T00:25:00Z,,0.76016,0.76013,0.76026,0.7602,0.76009,0.76006,0.76019,0.76017,-1
2017-02-02T00:26:00Z,,0.76019,0.76017,0.76025,0.76024,0.76018,0.76015,0.76022,0.76017,-1
2017-02-02T00:27:00Z,,0.76022,0.76017,0.76026,0.76021,0.76015,0.7601,0.7602,0.76014,-1
2017-02-02T00:28:00Z,,0.7602,0.76014,0.76033,0.7603,0.76008,0.76006,0.76023,0.7602,-1
2017-02-02T00:29:00Z,,0.76023,0.7602,0.76038,0.76034,0.75999,0.75985,0.76015,0.75995,-1
2017-02-02T00:30:00Z,,0.76015,0.75995,0.76212,0.76207,0.76015,0.75995,0.76164,0.76156,-1
2017-02-02T00:31:00Z,,0.76164,0.76156,0.76207,0.76202,0.76134,0.7613,0.76203,0.76198,-1
2017-02-02T00:32:00Z,,0.76203,0.76198,0.76218,0.76213,0.76186,0.76182,0.76202,0.76197,-1
2017-02-02T00:33:00Z,,0.76202,0.76197,0.76205,0.76199,0.76177,0.76172,0.76188,0.76187,-1
2017-02-02T00:34:00Z,,0.76188,0.76187,0.76217,0.76214,0.76188,0.76186,0.76217,0.76213,-1
2017-02-02T00:35:00Z,,0.76217,0.76213,0.76224,0.76222,0.76209,0.76205,0.76213,0.76209,-1
2017-02-02T00:36:00Z,,0.76213,0.76209,0.76216,0.76215,0.76196,0.76194,0.76202,0.76198,-1
2017-02-02T00:37:00Z,,0.76202,0.76198,0.76213,0.76211,0.76181,0.7618,0.76194,0.76191,-1
2017-02-02T00:38:00Z,,0.76194,0.76191,0.76204,0.76201,0.76159,0.76157,0.76163,0.76161,-1
2017-02-02T00:39:00Z,,0.76163,0.76161,0.76176,0.76174,0.76138,0.76136,0.76144,0.76141,-1
2017-02-02T00:40:00Z,,0.76144,0.76141,0.76174,0.7617,0.76141,0.7614,0.76173,0.76169,-1
2017-02-02T00:41:00Z,,0.76173,0.76169,0.7618,0.76179,0.76149,0.76148,0.76163,0.76161,-1
2017-02-02T00:42:00Z,,0.76163,0.76161,0.76172,0.76171,0.7616,0.76156,0.76168,0.76167,-1
2017-02-02T00:43:00Z,,0.76168,0.76167,0.76204,0.76202,0.76164,0.76163,0.76194,0.76191,-1
2017-02-02T00:44:00Z,,0.76194,0.76191,0.76204,0.76201,0.76188,0.76183,0.76202,0.76198,-1
2017-02-02T00:45:00Z,,0.76202,0.76198,0.76236,0.76233,0.76189,0.76187,0.76235,0.76232,-1
2017-02-02T00:46:00Z,,0.76235,0.76232,0.76239,0.76236,0.76227,0.76222,0.76235,0.76233,-1
2017-02-02T00:47:00Z,,0.76235,0.76233,0.76245,0.76241,0.7623,0.76226,0.76237,0.76234,-1
2017-02-02T00:48:00Z,,0.76237,0.76234,0.76246,0.76242,0.76235,0.76232,0.76245,0.7624,-1
2017-02-02T00:49:00Z,,0.76245,0.7624,0.76257,0.76254,0.7624,0.76237,0.76256,0.76254,-1
2017-02-02T00:50:00Z,,0.76256,0.76254,0.76265,0.76263,0.76248,0.76246,0.76256,0.76254,-1
2017-02-02T00:51:00Z,,0.76256,0.76254,0.76259,0.76256,0.76249,0.76247,0.76255,0.76253,-1
2017-02-02T00:52:00Z,,0.76255,0.76253,0.76269,0.76268,0.76255,0.76253,0.76263,0.76259,-1
2017-02-02T00:53:00Z,,0.76263,0.76259,0.76275,0.76271,0.76257,0.76256,0.76267,0.76266,-1
2017-02-02T00:54:00Z,,0.76267,0.76266,0.76273,0.7627,0.76256,0.76253,0.76269,0.76265,-1
2017-02-02T00:55:00Z,,0.76269,0.76265,0.76295,0.76292,0.76259,0.76256,0.76292,0.7629,-1
2017-02-02T00:56:00Z,,0.76292,0.7629,0.76293,0.7629,0.76268,0.76265,0.76282,0.76279,-1
2017-02-02T00:57:00Z,,0.76282,0.76279,0.76285,0.76283,0.76261,0.7626,0.76268,0.76266,-1
2017-02-02T00:58:00Z,,0.76268,0.76266,0.7627,0.76268,0.76244,0.7624,0.7625,0.76248,-1
2017-02-02T00:59:00Z,,0.7625,0.76248,0.76277,0.76276,0.76242,0.76238,0.76275,0.76273,-1
2017-02-02T01:00:00Z,,0.76275,0.76273,0.76296,0.76294,0.76272,0.7627,0.76289,0.76286,-1
2017-02-02T01:01:00Z,,0.76289,0.76286,0.76293,0.76292,0.76287,0.76285,0.7629,0.76289,-1
2017-02-02T01:02:00Z,,0.7629,0.76289,0.76313,0.76312,0.76289,0.76287,0.76306,0.76305,-1
2017-02-02T01:03:00Z,,0.76306,0.76305,0.76309,0.76308,0.7629,0.76286,0.76293,0.76289,-1
2017-02-02T01:04:00Z,,0.76293,0.76289,0.76294,0.76293,0.7629,0.76285,0.76291,0.7629,-1
2017-02-02T01:05:00Z,,0.76291,0.7629,0.763,0.76297,0.76281,0.76278,0.7629,0.76287,-1
2017-02-02T01:06:00Z,,0.7629,0.76287,0.76291,0.76289,0.76281,0.76279,0.76288,0.76285,-1
2017-02-02T01:07:00Z,,0.76288,0.76285,0.76289,0.76286,0.76278,0.76275,0.76289,0.76286,-1
2017-02-02T01:08:00Z,,0.76289,0.76286,0.76298,0.76295,0.76282,0.76279,0.7629,0.76287,-1
2017-02-02T01:09:00Z,,0.7629,0.76287,0.7629,0.76287,0.76282,0.76279,0.76283,0.76281,-1
2017-02-02T01:10:00Z,,0.76283,0.76281,0.76285,0.76283,0.76278,0.76276,0.76279,0.76276,-1
2017-02-02T01:11:00Z,,0.76279,0.76276,0.7628,0.76278,0.76266,0.76264,0.76268,0.76265,-1
2017-02-02T01:12:00Z,,0.76268,0.76265,0.76271,0.76269,0.76247,0.76245,0.76253,0.7625,-1
2017-02-02T01:13:00Z,,0.76253,0.7625,0.76263,0.76258,0.76239,0.76237,0.76251,0.76249,-1
2017-02-02T01:14:00Z,,0.76251,0.76249,0.76261,0.76259,0.76246,0.76243,0.76249,0.76246,-1
2017-02-02T01:15:00Z,,0.76249,0.76246,0.76251,0.7625,0.76235,0.76232,0.7625,0.76249,-1
2017-02-02T01:16:00Z,,0.7625,0.76249,0.76253,0.76252,0.76237,0.76235,0.7624,0.76236,-1
2017-02-02T01:17:00Z,,0.7624,0.76236,0.76254,0.76252,0.76239,0.76236,0.76245,0.76243,-1
2017-02-02T01:18:00Z,,0.76245,0.76243,0.76261,0.76259,0.76243,0.76241,0.76257,0.76254,-1
2017-02-02T01:19:00Z,,0.76257,0.76254,0.76261,0.76258,0.76249,0.76246,0.7625,0.76247,-1
2017-02-02T01:20:00Z,,0.7625,0.76247,0.76263,0.7626,0.7625,0.76247,0.76252,0.76249,-1
2017-02-02T01:21:00Z,,0.76252,0.76249,0.76266,0.76262,0.76251,0.76247,0.76266,0.76262,-1
2017-02-02T01:22:00Z,,0.76266,0.76262,0.76289,0.76285,0.76258,0.76257,0.76285,0.76281,-1
2017-02-02T01:23:00Z,,0.76285,0.76281,0.7629,0.76288,0.76273,0.76272,0.76281,0.76279,-1
2017-02-02T01:24:00Z,,0.76281,0.76279,0.76282,0.76279,0.76262,0.76258,0.76271,0.76268,-1
2017-02-02T01:25:00Z,,0.76271,0.76268,0.76273,0.76271,0.76263,0.7626,0.76272,0.7627,-1
2017-02-02T01:26:00Z,,0.76272,0.7627,0.76273,0.7627,0.76261,0.7626,0.76263,0.76262,-1
2017-02-02T01:27:00Z,,0.76263,0.76262,0.76263,0.76262,0.76257,0.76255,0.76258,0.76256,-1
2017-02-02T01:28:00Z,,0.76258,0.76256,0.76274,0.76272,0.76257,0.76253,0.76267,0.76265,-1
2017-02-02T01:29:00Z,,0.76267,0.76265,0.76271,0.76269,0.76262,0.76259,0.7627,0.76269,-1
2017-02-02T01:30:00Z,,0.7627,0.76269,0.76279,0.76277,0.76264,0.76262,0.76269,0.76266,-1
2017-02-02T01:31:00Z,,0.76269,0.76266,0.76269,0.76267,0.76259,0.76256,0.76263,0.7626,-1
2017-02-02T01:32:00Z,,0.76263,0.7626,0.76276,0.76275,0.76261,0.76259,0.76271,0.76269,-1
2017-02-02T01:33:00Z,,0.76271,0.76269,0.76278,0.76277,0.76265,0.76262,0.76271,0.76268,-1
2017-02-02T01:34:00Z,,0.76271,0.76268,0.76278,0.76276,0.76263,0.76261,0.76265,0.76263,-1
2017-02-02T01:35:00Z,,0.76265,0.76263,0.7627,0.76269,0.76262,0.7626,0.76267,0.76264,-1
2017-02-02T01:36:00Z,,0.76267,0.76264,0.76295,0.76292,0.76257,0.76256,0.7629,0.76287,-1
2017-02-02T01:37:00Z,,0.7629,0.76287,0.76306,0.76305,0.76287,0.76285,0.76304,0.76302,-1
2017-02-02T01:38:00Z,,0.76304,0.76302,0.76312,0.76311,0.76301,0.76296,0.76304,0.76301,-1
2017-02-02T01:39:00Z,,0.76304,0.76301,0.76306,0.76305,0.76287,0.76285,0.76299,0.76297,-1
2017-02-02T01:40:00Z,,0.76299,0.76297,0.76305,0.76302,0.76287,0.76285,0.76287,0.76285,-1
2017-02-02T01:41:00Z,,0.76287,0.76285,0.76294,0.76291,0.76287,0.76285,0.76292,0.7629,-1
2017-02-02T01:42:00Z,,0.76292,0.7629,0.763,0.76298,0.76292,0.76289,0.76297,0.76294,-1
2017-02-02T01:43:00Z,,0.76297,0.76294,0.76298,0.76296,0.76287,0.76285,0.76295,0.76292,-1
2017-02-02T01:44:00Z,,0.76295,0.76292,0.76296,0.76294,0.76275,0.76274,0.76281,0.76279,-1
2017-02-02T01:45:00Z,,0.76281,0.76279,0.76289,0.76287,0.76278,0.76275,0.76288,0.76286,-1
2017-02-02T01:46:00Z,,0.76288,0.76286,0.76292,0.76291,0.76277,0.76275,0.76283,0.7628,-1
2017-02-02T01:47:00Z,,0.76283,0.7628,0.76288,0.76287,0.76282,0.76278,0.76282,0.76279,-1
2017-02-02T01:48:00Z,,0.76282,0.76279,0.76295,0.76294,0.7628,0.76275,0.76288,0.76284,-1
2017-02-02T01:49:00Z,,0.76288,0.76284,0.76303,0.76302,0.76287,0.76283,0.763,0.76296,-1
2017-02-02T01:50:00Z,,0.763,0.76296,0.76305,0.76302,0.76292,0.76286,0.76303,0.76299,-1
2017-02-02T01:51:00Z,,0.76303,0.76299,0.76304,0.763,0.763,0.76297,0.76301,0.76297,-1
2017-02-02T01:52:00Z,,0.76301,0.76297,0.76301,0.76297,0.76286,0.76285,0.76291,0.76286,-1
2017-02-02T01:53:00Z,,0.76291,0.76286,0.76301,0.76299,0.76286,0.76285,0.76301,0.76298,-1
2017-02-02T01:54:00Z,,0.76301,0.76298,0.76302,0.76298,0.76292,0.76289,0.76295,0.76291,-1
2017-02-02T01:55:00Z,,0.76295,0.76291,0.763,0.76296,0.76282,0.76281,0.76284,0.76282,-1
2017-02-02T01:56:00Z,,0.76284,0.76282,0.76288,0.76284,0.76271,0.76267,0.76271,0.76267,-1
2017-02-02T01:57:00Z,,0.76271,0.76267,0.76279,0.76276,0.76271,0.76267,0.76271,0.76268,-1
2017-02-02T01:58:00Z,,0.76271,0.76268,0.76271,0.7627,0.76259,0.76256,0.76267,0.76264,-1
2017-02-02T01:59:00Z,,0.76267,0.76264,0.76288,0.76287,0.76266,0.76262,0.76273,0.76269,-1
2017-02-02T02:00:00Z,,0.76273,0.76269,0.76279,0.76278,0.76272,0.76268,0.76275,0.76271,-1
2017-02-02T02:01:00Z,,0.76275,0.76271,0.7628,0.76276,0.76267,0.76262,0.76275,0.76271,-1
2017-02-02T02:02:00Z,,0.76275,0.76271,0.76281,0.76277,0.76265,0.76261,0.7628,0.76275,-1
2017-02-02T02:03:00Z,,0.7628,0.76275,0.76288,0.76285,0.7628,0.76275,0.76286,0.76282,-1
2017-02-02T02:04:00Z,,0.76286,0.76282,0.76286,0.76283,0.76282,0.7628,0.76284,0.7628,-1
2017-02-02T02:05:00Z,,0.76284,0.7628,0.76288,0.76287,0.76281,0.76277,0.76282,0.76278,-1
2017-02-02T02:06:00Z,,0.76282,0.76278,0.76284,0.76279,0.76279,0.76274,0.76282,0.76278,-1
2017-02-02T02:07:00Z,,0.76282,0.76278,0.76282,0.7628,0.76273,0.76268,0.76274,0.7627,-1
2017-02-02T02:08:00Z,,0.76274,0.7627,0.76275,0.7627,0.7626,0.76257,0.7626,0.76258,-1
2017-02-02T02:09:00Z,,0.7626,0.76258,0.76266,0.76261,0.76255,0.76251,0.76259,0.76255,-1
2017-02-02T02:10:00Z,,0.76259,0.76255,0.76294,0.76288,0.76259,0.76255,0.76285,0.7628,-1
2017-02-02T02:11:00Z,,0.76285,0.7628,0.76286,0.76284,0.76267,0.76263,0.76269,0.76267,-1
2017-02-02T02:12:00Z,,0.76269,0.76267,0.76269,0.76267,0.7626,0.76256,0.76262,0.76259,-1
2017-02-02T02:13:00Z,,0.76262,0.76259,0.76276,0.76273,0.76255,0.76251,0.7627,0.76266,-1
2017-02-02T02:14:00Z,,0.7627,0.76266,0.76273,0.76269,0.76266,0.76264,0.76269,0.76266,-1
2017-02-02T02:15:00Z,,0.76269,0.76266,0.76269,0.76267,0.76261,0.76257,0.76263,0.76259,-1
2017-02-02T02:16:00Z,,0.76263,0.76259,0.76272,0.76268,0.76263,0.76259,0.76263,0.7626,-1
2017-02-02T02:17:00Z,,0.76263,0.7626,0.76263,0.7626,0.7625,0.76247,0.76255,0.7625,-1
2017-02-02T02:18:00Z,,0.76255,0.7625,0.76264,0.76259,0.76253,0.7625,0.76255,0.76253,-1
2017-02-02T02:19:00Z,,0.76255,0.76253,0.76261,0.7626,0.76254,0.76251,0.76258,0.76253,-1
2017-02-02T02:20:00Z,,0.76258,0.76253,0.76263,0.76259,0.76256,0.76252,0.76263,0.76258,-1
2017-02-02T02:21:00Z,,0.76263,0.76258,0.76284,0.76281,0.76261,0.76256,0.76261,0.76256,-1
2017-02-02T02:22:00Z,,0.76261,0.76256,0.76299,0.76294,0.76261,0.76256,0.76291,0.76286,-1
2017-02-02T02:23:00Z,,0.76291,0.76286,0.76341,0.76336,0.76291,0.76286,0.76337,0.76331,-1
2017-02-02T02:24:00Z,,0.76337,0.76331,0.76401,0.76398,0.76336,0.76331,0.76384,0.76381,-1
2017-02-02T02:25:00Z,,0.76384,0.76381,0.76395,0.76394,0.76378,0.76374,0.76395,0.76394,-1
2017-02-02T02:26:00Z,,0.76395,0.76394,0.76418,0.76414,0.7639,0.76387,0.7641,0.76406,-1
2017-02-02T02:27:00Z,,0.7641,0.76406,0.76473,0.76472,0.76409,0.76405,0.76472,0.76468,-1
2017-02-02T02:28:00Z,,0.76472,0.76468,0.7648,0.76479,0.76435,0.7643,0.76443,0.76438,-1
2017-02-02T02:29:00Z,,0.76443,0.76438,0.76452,0.76448,0.7643,0.76426,0.76432,0.76427,-1
2017-02-02T02:30:00Z,,0.76432,0.76427,0.76453,0.76452,0.76423,0.76418,0.76443,0.76441,-1
2017-02-02T02:31:00Z,,0.76443,0.76441,0.76456,0.76452,0.76435,0.76431,0.76449,0.76448,-1
2017-02-02T02:32:00Z,,0.76449,0.76448,0.76453,0.76448,0.7641,0.76407,0.7641,0.76407,-1
2017-02-02T02:33:00Z,,0.7641,0.76407,0.76456,0.76453,0.76395,0.76394,0.76455,0.76453,-1
2017-02-02T02:34:00Z,,0.76455,0.76453,0.76458,0.76453,0.76444,0.76441,0.76458,0.76453,-1
2017-02-02T02:35:00Z,,0.76458,0.76453,0.76458,0.76453,0.76436,0.76435,0.76437,0.76435,-1
2017-02-02T02:36:00Z,,0.76437,0.76435,0.7645,0.76448,0.76437,0.76435,0.76448,0.76447,-1
2017-02-02T02:37:00Z,,0.76448,0.76447,0.7646,0.76456,0.76448,0.76446,0.7645,0.76447,-1
2017-02-02T02:38:00Z,,0.7645,0.76447,0.76459,0.76455,0.76449,0.76445,0.7645,0.76445,-1
2017-02-02T02:39:00Z,,0.7645,0.76445,0.76459,0.76456,0.76449,0.76445,0.76453,0.76449,-1
2017-02-02T02:40:00Z,,0.76453,0.76449,0.76453,0.7645,0.76448,0.76445,0.76451,0.76446,-1
2017-02-02T02:41:00Z,,0.76451,0.76446,0.76455,0.7645,0.76437,0.76434,0.7644,0.76436,-1
2017-02-02T02:42:00Z,,0.7644,0.76436,0.76452,0.76449,0.7644,0.76436,0.76451,0.76448,-1
2017-02-02T02:43:00Z,,0.76451,0.76448,0.76459,0.76455,0.76441,0.76438,0.76449,0.76445,-1
2017-02-02T02:44:00Z,,0.76449,0.76445,0.76458,0.76454,0.76449,0.76445,0.76452,0.76447,-1
2017-02-02T02:45:00Z,,0.76452,0.76447,0.76459,0.76455,0.76447,0.76444,0.76451,0.76446,-1
2017-02-02T02:46:00Z,,0.76451,0.76446,0.76453,0.76449,0.76434,0.76432,0.76439,0.76434,-1
2017-02-02T02:47:00Z,,0.76439,0.76434,0.76439,0.76436,0.76436,0.76433,0.76436,0.76434,-1
2017-02-02T02:48:00Z,,0.76436,0.76434,0.76442,0.76439,0.76428,0.76424,0.76441,0.76436,-1
2017-02-02T02:49:00Z,,0.76441,0.76436,0.76456,0.76455,0.76436,0.76435,0.76456,0.76454,-1
2017-02-02T02:50:00Z,,0.76456,0.76454,0.76456,0.76455,0.76421,0.76418,0.76443,0.76439,-1
2017-02-02T02:51:00Z,,0.76443,0.76439,0.76451,0.76446,0.76426,0.76423,0.76431,0.76429,-1
2017-02-02T02:52:00Z,,0.76431,0.76429,0.76454,0.76451,0.76431,0.76428,0.76441,0.76438,-1
2017-02-02T02:53:00Z,,0.76441,0.76438,0.76445,0.76441,0.76404,0.764,0.76409,0.76405,-1
2017-02-02T02:54:00Z,,0.76409,0.76405,0.76413,0.76411,0.76393,0.76389,0.76395,0.76394,-1
2017-02-02T02:55:00Z,,0.76395,0.76394,0.76412,0.76408,0.76388,0.76385,0.7639,0.76386,-1
2017-02-02T02:56:00Z,,0.7639,0.76386,0.764,0.76396,0.7638,0.76375,0.76387,0.76385,-1
2017-02-02T02:57:00Z,,0.76387,0.76385,0.76395,0.7639,0.7638,0.76375,0.76393,0.76389,-1
2017-02-02T02:58:00Z,,0.76393,0.76389,0.76394,0.7639,0.7637,0.76367,0.76374,0.76369,-1
2017-02-02T02:59:00Z,,0.76374,0.76369,0.76383,0.76379,0.76369,0.76367,0.76375,0.76372,-1
2017-02-02T03:00:00Z,,0.76375,0.76372,0.76375,0.76373,0.76364,0.7636,0.76372,0.76367,-1
2017-02-02T03:01:00Z,,0.76372,0.76367,0.764,0.76396,0.76372,0.76367,0.764,0.76396,-1
2017-02-02T03:02:00Z,,0.764,0.76396,0.76404,0.76402,0.76399,0.76395,0.76399,0.76395,-1
2017-02-02T03:03:00Z,,0.76399,0.76395,0.76403,0.764,0.76393,0.76389,0.764,0.76396,-1
2017-02-02T03:04:00Z,,0.764,0.76396,0.76401,0.76397,0.76388,0.76384,0.76392,0.76389,-1
2017-02-02T03:05:00Z,,0.76392,0.76389,0.76405,0.76401,0.76388,0.76384,0.76402,0.76396,-1
2017-02-02T03:06:00Z,,0.76402,0.76396,0.76434,0.7643,0.76402,0.76396,0.76434,0.7643,-1
2017-02-02T03:07:00Z,,0.76434,0.7643,0.76434,0.7643,0.76429,0.76425,0.76433,0.76429,-1
2017-02-02T03:08:00Z,,0.76433,0.76429,0.76434,0.7643,0.76424,0.76421,0.76425,0.76421,-1
2017-02-02T03:09:00Z,,0.76425,0.76421,0.76444,0.7644,0.76425,0.76421,0.76443,0.76438,-1
2017-02-02T03:10:00Z,,0.76443,0.76438,0.76456,0.76453,0.76438,0.76436,0.76444,0.76441,-1
2017-02-02T03:11:00Z,,0.76444,0.76441,0.76445,0.76441,0.76408,0.76405,0.76419,0.76415,-1
2017-02-02T03:12:00Z,,0.76419,0.76415,0.76427,0.76425,0.76414,0.76412,0.76416,0.76415,-1
2017-02-02T03:13:00Z,,0.76416,0.76415,0.76418,0.76416,0.76413,0.7641,0.76414,0.76413,-1
2017-02-02T03:14:00Z,,0.76414,0.76413,0.76424,0.76422,0.76385,0.76382,0.76391,0.76387,-1
2017-02-02T03:15:00Z,,0.76391,0.76387,0.76396,0.76394,0.76371,0.76369,0.76371,0.7637,-1
2017-02-02T03:16:00Z,,0.76371,0.7637,0.76399,0.76395,0.76371,0.7637,0.76392,0.76386,-1
2017-02-02T03:17:00Z,,0.76392,0.76386,0.76403,0.76401,0.76388,0.76384,0.76403,0.76401,-1
2017-02-02T03:18:00Z,,0.76403,0.76401,0.76405,0.76402,0.76395,0.7639,0.76403,0.76399,-1
2017-02-02T03:19:00Z,,0.76403,0.76399,0.76403,0.764,0.76398,0.76394,0.76401,0.76397,-1
2017-02-02T03:20:00Z,,0.76401,0.76397,0.76408,0.76407,0.76401,0.76397,0.76403,0.76402,-1
2017-02-02T03:21:00Z,,0.76403,0.76402,0.76411,0.7641,0.764,0.76398,0.76411,0.76409,-1
2017-02-02T03:22:00Z,,0.76411,0.76409,0.76413,0.76411,0.764,0.76399,0.76412,0.76409,-1
2017-02-02T03:23:00Z,,0.76412,0.76409,0.76425,0.76424,0.76412,0.76409,0.76423,0.76422,-1
2017-02-02T03:24:00Z,,0.76423,0.76422,0.76429,0.76427,0.7642,0.76419,0.76426,0.76425,-1
2017-02-02T03:25:00Z,,0.76426,0.76425,0.76438,0.76436,0.76424,0.76421,0.76429,0.76428,-1
2017-02-02T03:26:00Z,,0.76429,0.76428,0.76434,0.7643,0.76424,0.76419,0.76424,0.76419,-1
2017-02-02T03:27:00Z,,0.76424,0.76419,0.76425,0.76421,0.76413,0.7641,0.76422,0.76417,-1
2017-02-02T03:28:00Z,,0.76422,0.76417,0.76423,0.76418,0.76378,0.76374,0.76378,0.76376,-1
2017-02-02T03:29:00Z,,0.76378,0.76376,0.76393,0.76389,0.76354,0.76352,0.76376,0.7637,-1
2017-02-02T03:30:00Z,,0.76376,0.7637,0.76384,0.76381,0.76362,0.76358,0.76362,0.76359,-1
2017-02-02T03:31:00Z,,0.76362,0.76359,0.76365,0.76361,0.76353,0.76348,0.76354,0.76351,-1
2017-02-02T03:32:00Z,,0.76354,0.76351,0.76371,0.76367,0.76354,0.76351,0.76363,0.76361,-1
2017-02-02T03:33:00Z,,0.76363,0.76361,0.76374,0.76371,0.76363,0.76361,0.76366,0.76362,-1
2017-02-02T03:34:00Z,,0.76366,0.76362,0.76381,0.76376,0.76365,0.76361,0.76372,0.76368,-1
2017-02-02T03:35:00Z,,0.76372,0.76368,0.76373,0.76368,0.76356,0.76351,0.76358,0.76352,-1
2017-02-02T03:36:00Z,,0.76358,0.76352,0.76367,0.76362,0.76356,0.76352,0.76365,0.76362,-1
2017-02-02T03:37:00Z,,0.76365,0.76362,0.7637,0.76366,0.76357,0.76354,0.76365,0.76363,-1
2017-02-02T03:38:00Z,,0.76365,0.76363,0.76367,0.76365,0.76356,0.76355,0.7636,0.76357,-1
2017-02-02T03:39:00Z,,0.7636,0.76357,0.76368,0.76364,0.7636,0.76357,0.76364,0.7636,-1
2017-02-02T03:40:00Z,,0.76364,0.7636,0.76364,0.7636,0.76352,0.76351,0.76353,0.76351,-1
2017-02-02T03:41:00Z,,0.76353,0.76351,0.7639,0.76386,0.76351,0.76347,0.76386,0.76385,-1
2017-02-02T03:42:00Z,,0.76386,0.76385,0.76396,0.76394,0.76378,0.76373,0.76382,0.76378,-1
2017-02-02T03:43:00Z,,0.76382,0.76378,0.76384,0.7638,0.76357,0.76355,0.76378,0.76373,-1
2017-02-02T03:44:00Z,,0.76378,0.76373,0.76379,0.76375,0.76351,0.76348,0.76361,0.76358,-1
2017-02-02T03:45:00Z,,0.76361,0.76358,0.76404,0.764,0.76361,0.76358,0.764,0.76397,-1
2017-02-02T03:46:00Z,,0.764,0.76397,0.764,0.76398,0.76369,0.76365,0.76396,0.76393,-1
2017-02-02T03:47:00Z,,0.76396,0.76393,0.76415,0.7641,0.76392,0.76389,0.76404,0.764,-1
2017-02-02T03:48:00Z,,0.76404,0.764,0.76419,0.76415,0.76404,0.76399,0.76416,0.76412,-1
2017-02-02T03:49:00Z,,0.76416,0.76412,0.76443,0.76441,0.76411,0.76406,0.76442,0.7644,-1
2017-02-02T03:50:00Z,,0.76442,0.7644,0.76442,0.7644,0.76423,0.76419,0.76432,0.7643,-1
2017-02-02T03:51:00Z,,0.76432,0.7643,0.76456,0.76453,0.7643,0.76427,0.76455,0.7645,-1
2017-02-02T03:52:00Z,,0.76455,0.7645,0.76478,0.76475,0.76454,0.7645,0.76476,0.76473,-1
2017-02-02T03:53:00Z,,0.76476,0.76473,0.76486,0.76481,0.76456,0.76454,0.76461,0.76456,-1
2017-02-02T03:54:00Z,,0.76461,0.76456,0.76463,0.76458,0.76442,0.76437,0.76446,0.76444,-1
2017-02-02T03:55:00Z,,0.76446,0.76444,0.76456,0.76452,0.76445,0.76444,0.76453,0.76452,-1
2017-02-02T03:56:00Z,,0.76453,0.76452,0.76454,0.76452,0.76419,0.76414,0.76423,0.76418,-1
2017-02-02T03:57:00Z,,0.76423,0.76418,0.76425,0.76421,0.76413,0.76411,0.7642,0.76417,-1
2017-02-02T03:58:00Z,,0.7642,0.76417,0.76422,0.76419,0.76412,0.7641,0.76413,0.76412,-1
2017-02-02T03:59:00Z,,0.76413,0.76412,0.76413,0.76412,0.76401,0.76399,0.76402,0.76401,-1
2017-02-02T04:00:00Z,,0.76402,0.76401,0.76411,0.76409,0.76388,0.76387,0.76388,0.76387,-1
2017-02-02T04:01:00Z,,0.76388,0.76387,0.76407,0.76405,0.76388,0.76387,0.76391,0.76388,-1
2017-02-02T04:02:00Z,,0.76391,0.76388,0.76394,0.76393,0.76382,0.76379,0.76383,0.7638,-1
2017-02-02T04:03:00Z,,0.76383,0.7638,0.76396,0.76395,0.76383,0.7638,0.76388,0.76385,-1
2017-02-02T04:04:00Z,,0.76388,0.76385,0.76399,0.76397,0.76386,0.76384,0.76394,0.76393,-1
2017-02-02T04:05:00Z,,0.76394,0.76393,0.76408,0.76407,0.76392,0.76391,0.76403,0.76401,-1
2017-02-02T04:06:00Z,,0.76403,0.76401,0.76405,0.76402,0.76395,0.76393,0.76402,0.76399,-1
2017-02-02T04:07:00Z,,0.76402,0.76399,0.76404,0.76401,0.76392,0.7639,0.764,0.76395,-1
2017-02-02T04:08:00Z,,0.764,0.76395,0.76401,0.76399,0.76391,0.7639,0.76401,0.76399,-1
2017-02-02T04:09:00Z,,0.76401,0.76399,0.76401,0.76399,0.76394,0.7639,0.76396,0.76393,-1
2017-02-02T04:10:00Z,,0.76396,0.76393,0.76402,0.764,0.76393,0.7639,0.76402,0.76399,-1
2017-02-02T04:11:00Z,,0.76402,0.76399,0.76402,0.764,0.76394,0.7639,0.76396,0.76393,-1
2017-02-02T04:12:00Z,,0.76396,0.76393,0.76402,0.76399,0.76386,0.76383,0.764,0.76397,-1
2017-02-02T04:13:00Z,,0.764,0.76397,0.76412,0.76409,0.764,0.76396,0.76402,0.76399,-1
2017-02-02T04:14:00Z,,0.76402,0.76399,0.76402,0.764,0.76393,0.7639,0.76393,0.76391,-1
2017-02-02T04:15:00Z,,0.76393,0.76391,0.76428,0.76423,0.7639,0.76387,0.76422,0.76417,-1
2017-02-02T04:16:00Z,,0.76422,0.76417,0.76434,0.7643,0.76422,0.76417,0.76432,0.76428,-1
2017-02-02T04:17:00Z,,0.76432,0.76428,0.76432,0.76428,0.76414,0.7641,0.76414,0.7641,-1
2017-02-02T04:18:00Z,,0.76414,0.7641,0.76414,0.7641,0.7639,0.76386,0.7639,0.76387,-1
2017-02-02T04:19:00Z,,0.7639,0.76387,0.76392,0.76388,0.76384,0.76381,0.76384,0.76381,-1
2017-02-02T04:20:00Z,,0.76384,0.76381,0.76393,0.76392,0.76376,0.76375,0.76381,0.76377,-1
2017-02-02T04:21:00Z,,0.76381,0.76377,0.76392,0.76391,0.76376,0.76373,0.76389,0.76386,-1
2017-02-02T04:22:00Z,,0.76389,0.76386,0.76406,0.76405,0.76389,0.76386,0.76394,0.7639,-1
2017-02-02T04:23:00Z,,0.76394,0.7639,0.764,0.76398,0.76387,0.76385,0.76389,0.76385,-1
2017-02-02T04:24:00Z,,0.76389,0.76385,0.76397,0.76394,0.76389,0.76385,0.76391,0.76387,-1
2017-02-02T04:25:00Z,,0.76391,0.76387,0.76393,0.76389,0.76382,0.7638,0.76387,0.76385,-1
2017-02-02T04:26:00Z,,0.76387,0.76385,0.7639,0.76389,0.76387,0.76383,0.76389,0.76385,-1
2017-02-02T04:27:00Z,,0.76389,0.76385,0.76389,0.76386,0.76378,0.76375,0.76382,0.76378,-1
2017-02-02T04:28:00Z,,0.76382,0.76378,0.76397,0.76394,0.76378,0.76375,0.76391,0.76389,-1
2017-02-02T04:29:00Z,,0.76391,0.76389,0.76396,0.76395,0.7639,0.76386,0.76391,0.76387,-1
2017-02-02T04:30:00Z,,0.76391,0.76387,0.76392,0.76388,0.76383,0.76381,0.76392,0.76388,-1
2017-02-02T04:31:00Z,,0.76392,0.76388,0.76414,0.76409,0.76385,0.76382,0.76404,0.764,-1
2017-02-02T04:32:00Z,,0.76404,0.764,0.76406,0.76404,0.76393,0.7639,0.76402,0.76398,-1
2017-02-02T04:33:00Z,,0.76402,0.76398,0.76411,0.76408,0.76393,0.76389,0.76406,0.76402,-1
2017-02-02T04:34:00Z,,0.76406,0.76402,0.76406,0.76404,0.76382,0.76378,0.76383,0.7638,-1
2017-02-02T04:35:00Z,,0.76383,0.7638,0.7639,0.76385,0.76374,0.76371,0.76381,0.76377,-1
2017-02-02T04:36:00Z,,0.76381,0.76377,0.76382,0.76379,0.76373,0.76371,0.76373,0.76371,-1
2017-02-02T04:37:00Z,,0.76373,0.76371,0.76385,0.76382,0.76373,0.7637,0.76379,0.76376,-1
2017-02-02T04:38:00Z,,0.76379,0.76376,0.76381,0.76378,0.76366,0.76364,0.76371,0.76367,-1
2017-02-02T04:39:00Z,,0.76371,0.76367,0.76383,0.7638,0.76365,0.76364,0.76372,0.76368,-1
2017-02-02T04:40:00Z,,0.76372,0.76368,0.76378,0.76375,0.76364,0.7636,0.76376,0.76372,-1
2017-02-02T04:41:00Z,,0.76376,0.76372,0.76379,0.76375,0.76367,0.76364,0.76372,0.76368,-1
2017-02-02T04:42:00Z,,0.76372,0.76368,0.76378,0.76375,0.76368,0.76365,0.76368,0.76365,-1
2017-02-02T04:43:00Z,,0.76368,0.76365,0.76378,0.76375,0.76368,0.76365,0.76369,0.76368,-1
2017-02-02T04:44:00Z,,0.76369,0.76368,0.76371,0.76368,0.76362,0.76359,0.76366,0.76362,-1
2017-02-02T04:45:00Z,,0.76366,0.76362,0.76378,0.76375,0.76364,0.76362,0.76368,0.76365,-1
2017-02-02T04:46:00Z,,0.76368,0.76365,0.76375,0.7637,0.76359,0.76356,0.7636,0.76356,-1
2017-02-02T04:47:00Z,,0.7636,0.76356,0.76372,0.76367,0.76354,0.76351,0.76366,0.76363,-1
2017-02-02T04:48:00Z,,0.76366,0.76363,0.76381,0.76376,0.76363,0.7636,0.76373,0.76369,-1
2017-02-02T04:49:00Z,,0.76373,0.76369,0.76386,0.76383,0.76372,0.76369,0.76382,0.7638,-1
2017-02-02T04:50:00Z,,0.76382,0.7638,0.76388,0.76384,0.7638,0.76376,0.76383,0.76378,-1
2017-02-02T04:51:00Z,,0.76383,0.76378,0.76385,0.76382,0.76382,0.76377,0.76384,0.76379,-1
2017-02-02T04:52:00Z,,0.76384,0.76379,0.76385,0.7638,0.76368,0.76363,0.76369,0.76366,-1
2017-02-02T04:53:00Z,,0.76369,0.76366,0.7637,0.76367,0.76367,0.76363,0.7637,0.76367,-1
2017-02-02T04:54:00Z,,0.7637,0.76367,0.7637,0.76367,0.76366,0.76362,0.76367,0.76362,-1
2017-02-02T04:55:00Z,,0.76367,0.76362,0.76386,0.76383,0.76366,0.76362,0.76382,0.76378,-1
2017-02-02T04:56:00Z,,0.76382,0.76378,0.76394,0.76391,0.76378,0.76376,0.76393,0.76388,-1
2017-02-02T04:57:00Z,,0.76393,0.76388,0.76393,0.76388,0.76378,0.76374,0.76382,0.76378,-1
2017-02-02T04:58:00Z,,0.76382,0.76378,0.76392,0.7639,0.76381,0.76377,0.76385,0.76383,-1
2017-02-02T04:59:00Z,,0.76385,0.76383,0.76385,0.76383,0.76378,0.76374,0.76378,0.76374,-1
2017-02-02T05:00:00Z,,0.76378,0.76374,0.76386,0.76385,0.76375,0.7637,0.76375,0.76372,-1
2017-02-02T05:01:00Z,,0.76375,0.76372,0.76376,0.76374,0.76363,0.7636,0.76364,0.76362,-1
2017-02-02T05:02:00Z,,0.76364,0.76362,0.76369,0.76366,0.76363,0.76359,0.76364,0.76359,-1
2017-02-02T05:03:00Z,,0.76364,0.76359,0.76368,0.76365,0.76364,0.76359,0.76368,0.76363,-1
2017-02-02T05:04:00Z,,0.76368,0.76363,0.76368,0.76366,0.76362,0.76358,0.76364,0.76363,-1
2017-02-02T05:05:00Z,,0.76364,0.76363,0.76367,0.76364,0.76363,0.7636,0.76365,0.76362,-1
2017-02-02T05:06:00Z,,0.76365,0.76362,0.76365,0.76362,0.7636,0.76355,0.76361,0.76358,-1
2017-02-02T05:07:00Z,,0.76361,0.76358,0.76373,0.76372,0.76353,0.76352,0.76362,0.76359,-1
2017-02-02T05:08:00Z,,0.76362,0.76359,0.76367,0.76365,0.76361,0.76356,0.76365,0.76361,-1
2017-02-02T05:09:00Z,,0.76365,0.76361,0.76365,0.76362,0.76362,0.76359,0.76365,0.76362,-1
2017-02-02T05:10:00Z,,0.76365,0.76362,0.76365,0.76362,0.76364,0.76361,0.76365,0.76361,-1
2017-02-02T05:11:00Z,,0.76365,0.76361,0.76373,0.76369,0.76363,0.76361,0.76372,0.76368,-1
2017-02-02T05:12:00Z,,0.76372,0.76368,0.76383,0.76379,0.7637,0.76368,0.76376,0.76372,-1
2017-02-02T05:13:00Z,,0.76376,0.76372,0.76383,0.76378,0.76374,0.76369,0.76378,0.76373,-1
2017-02-02T05:14:00Z,,0.76378,0.76373,0.76383,0.76378,0.76375,0.76372,0.7638,0.76376,-1
2017-02-02T05:15:00Z,,0.7638,0.76376,0.76382,0.76378,0.76378,0.76375,0.76382,0.76378,-1
2017-02-02T05:16:00Z,,0.76382,0.76378,0.76383,0.7638,0.76382,0.76377,0.76383,0.76377,-1
2017-02-02T05:17:00Z,,0.76383,0.76377,0.76383,0.76382,0.76382,0.76377,0.76383,0.76378,-1
2017-02-02T05:18:00Z,,0.76383,0.76378,0.76386,0.76382,0.76381,0.76377,0.76384,0.76379,-1
2017-02-02T05:19:00Z,,0.76384,0.76379,0.76384,0.7638,0.76384,0.76379,0.76384,0.76379,-1
2017-02-02T05:20:00Z,,0.76384,0.76379,0.76385,0.76381,0.76383,0.76379,0.76384,0.76379,-1
2017-02-02T05:21:00Z,,0.76384,0.76379,0.76391,0.76389,0.76383,0.76379,0.76384,0.76381,-1
2017-02-02T05:22:00Z,,0.76384,0.76381,0.76393,0.7639,0.76378,0.76377,0.76392,0.76388,-1
2017-02-02T05:23:00Z,,0.76392,0.76388,0.76399,0.76397,0.7639,0.76388,0.76395,0.76392,-1
2017-02-02T05:24:00Z,,0.76395,0.76392,0.76412,0.76408,0.76395,0.76392,0.76412,0.76408,-1
2017-02-02T05:25:00Z,,0.76412,0.76408,0.76414,0.76409,0.7641,0.76408,0.76413,0.76409,-1
2017-02-02T05:26:00Z,,0.76413,0.76409,0.76413,0.76409,0.76412,0.76409,0.76412,0.76409,-1
2017-02-02T05:27:00Z,,0.76412,0.76409,0.76412,0.76409,0.76404,0.764,0.76405,0.764,-1
2017-02-02T05:28:00Z,,0.76405,0.764,0.76406,0.76403,0.76403,0.76399,0.76406,0.76402,-1
2017-02-02T05:29:00Z,,0.76406,0.76402,0.76406,0.76402,0.76403,0.76399,0.76405,0.764,-1
2017-02-02T05:30:00Z,,0.76405,0.764,0.76411,0.76407,0.76403,0.76399,0.76404,0.76402,-1
2017-02-02T05:31:00Z,,0.76404,0.76402,0.76405,0.76402,0.76403,0.76399,0.76405,0.76401,-1
2017-02-02T05:32:00Z,,0.76405,0.76401,0.76405,0.76402,0.76404,0.764,0.76405,0.76401,-1
2017-02-02T05:33:00Z,,0.76405,0.76401,0.76415,0.76414,0.76403,0.76399,0.76415,0.76412,-1
2017-02-02T05:34:00Z,,0.76415,0.76412,0.76428,0.76427,0.76414,0.76411,0.76425,0.76421,-1
2017-02-02T05:35:00Z,,0.76425,0.76421,0.76426,0.76422,0.76422,0.7642,0.76425,0.76421,-1
2017-02-02T05:36:00Z,,0.76425,0.76421,0.7643,0.76427,0.76421,0.76417,0.76421,0.76417,-1
2017-02-02T05:37:00Z,,0.76421,0.76417,0.76422,0.76418,0.76421,0.76417,0.76421,0.76417,-1
2017-02-02T05:38:00Z,,0.76421,0.76417,0.7643,0.76429,0.76421,0.76416,0.7643,0.76429,-1
2017-02-02T05:39:00Z,,0.7643,0.76429,0.76453,0.7645,0.7643,0.76428,0.76452,0.76449,-1
2017-02-02T05:40:00Z,,0.76452,0.76449,0.76461,0.76458,0.76452,0.76447,0.76458,0.76454,-1
2017-02-02T05:41:00Z,,0.76458,0.76454,0.76458,0.76455,0.76451,0.76447,0.76451,0.76448,-1
2017-02-02T05:42:00Z,,0.76451,0.76448,0.76452,0.7645,0.76448,0.76445,0.76451,0.76448,-1
2017-02-02T05:43:00Z,,0.76451,0.76448,0.76453,0.76451,0.7645,0.76447,0.76452,0.76451,-1
2017-02-02T05:44:00Z,,0.76452,0.76451,0.76455,0.76451,0.76451,0.76449,0.76453,0.76451,-1
2017-02-02T05:45:00Z,,0.76453,0.76451,0.76461,0.76459,0.7645,0.76448,0.7646,0.76459,-1
2017-02-02T05:46:00Z,,0.7646,0.76459,0.7649,0.76486,0.7646,0.76459,0.76485,0.76482,-1
2017-02-02T05:47:00Z,,0.76485,0.76482,0.76507,0.76506,0.76483,0.76481,0.76502,0.76499,-1
2017-02-02T05:48:00Z,,0.76502,0.76499,0.76514,0.76512,0.76498,0.76497,0.76514,0.76511,-1
2017-02-02T05:49:00Z,,0.76514,0.76511,0.76519,0.76518,0.76499,0.76496,0.76503,0.765,-1
2017-02-02T05:50:00Z,,0.76503,0.765,0.76511,0.76509,0.76499,0.76497,0.76506,0.76504,-1
2017-02-02T05:51:00Z,,0.76506,0.76504,0.76521,0.7652,0.7648,0.76479,0.76483,0.7648,-1
2017-02-02T05:52:00Z,,0.76483,0.7648,0.76484,0.76481,0.76472,0.7647,0.76475,0.76471,-1
2017-02-02T05:53:00Z,,0.76475,0.76471,0.7648,0.76476,0.76469,0.76465,0.76478,0.76474,-1
2017-02-02T05:54:00Z,,0.76478,0.76474,0.76487,0.76484,0.76463,0.76461,0.76463,0.76461,-1
2017-02-02T05:55:00Z,,0.76463,0.76461,0.76471,0.76468,0.76448,0.76445,0.76449,0.76446,-1
2017-02-02T05:56:00Z,,0.76449,0.76446,0.76452,0.76448,0.76444,0.76441,0.7645,0.76445,-1
2017-02-02T05:57:00Z,,0.7645,0.76445,0.7645,0.76445,0.7643,0.76427,0.76439,0.76437,-1
2017-02-02T05:58:00Z,,0.76439,0.76437,0.76443,0.7644,0.76429,0.76427,0.76432,0.76429,-1
2017-02-02T05:59:00Z,,0.76432,0.76429,0.76441,0.76439,0.7643,0.76427,0.76432,0.76428,-1
2017-02-02T06:00:00Z,,0.76432,0.76428,0.76432,0.76429,0.7642,0.76417,0.76428,0.76427,-1
2017-02-02T06:01:00Z,,0.76428,0.76427,0.76438,0.76436,0.76427,0.76424,0.76429,0.76427,-1
2017-02-02T06:02:00Z,,0.76429,0.76427,0.76431,0.76429,0.76425,0.76423,0.76428,0.76426,-1
2017-02-02T06:03:00Z,,0.76428,0.76426,0.76432,0.76428,0.76426,0.76424,0.76432,0.76428,-1
2017-02-02T06:04:00Z,,0.76432,0.76428,0.76436,0.76433,0.76427,0.76424,0.7643,0.76427,-1
2017-02-02T06:05:00Z,,0.7643,0.76427,0.76432,0.76429,0.76426,0.76423,0.76431,0.76429,-1
2017-02-02T06:06:00Z,,0.76431,0.76429,0.76442,0.7644,0.7643,0.76427,0.76439,0.76436,-1
2017-02-02T06:07:00Z,,0.76439,0.76436,0.76442,0.76439,0.76437,0.76434,0.76441,0.76438,-1
2017-02-02T06:08:00Z,,0.76441,0.76438,0.76441,0.76439,0.76429,0.76426,0.76431,0.76428,-1
2017-02-02T06:09:00Z,,0.76431,0.76428,0.76441,0.76438,0.76428,0.76427,0.76438,0.76437,-1
2017-02-02T06:10:00Z,,0.76438,0.76437,0.76438,0.76437,0.76427,0.76425,0.76429,0.76427,-1
2017-02-02T06:11:00Z,,0.76429,0.76427,0.76431,0.76428,0.76422,0.76419,0.76422,0.76419,-1
2017-02-02T06:12:00Z,,0.76422,0.76419,0.76427,0.76424,0.7642,0.76418,0.7642,0.76418,-1
2017-02-02T06:13:00Z,,0.7642,0.76418,0.7642,0.76418,0.76414,0.76412,0.76419,0.76415,-1
2017-02-02T06:14:00Z,,0.76419,0.76415,0.76421,0.76418,0.76417,0.76413,0.76421,0.76417,-1
2017-02-02T06:15:00Z,,0.76421,0.76417,0.76425,0.76424,0.76413,0.76411,0.76413,0.76412,-1
2017-02-02T06:16:00Z,,0.76413,0.76412,0.76416,0.76412,0.76409,0.76407,0.76409,0.76407,-1
2017-02-02T06:17:00Z,,0.76409,0.76407,0.76415,0.76414,0.76403,0.76401,0.76409,0.76408,-1
2017-02-02T06:18:00Z,,0.76409,0.76408,0.76413,0.76411,0.76406,0.76405,0.76413,0.76411,-1
2017-02-02T06:19:00Z,,0.76413,0.76411,0.76418,0.76414,0.76411,0.76408,0.76418,0.76414,-1
2017-02-02T06:20:00Z,,0.76418,0.76414,0.76419,0.76416,0.76416,0.76414,0.76419,0.76415,-1
2017-02-02T06:21:00Z,,0.76419,0.76415,0.76419,0.76417,0.76418,0.76415,0.76418,0.76415,-1
2017-02-02T06:22:00Z,,0.76418,0.76415,0.76418,0.76416,0.76412,0.76409,0.76413,0.76411,-1
2017-02-02T06:23:00Z,,0.76413,0.76411,0.76414,0.76412,0.76408,0.76406,0.76413,0.7641,-1
2017-02-02T06:24:00Z,,0.76413,0.7641,0.76413,0.76411,0.76407,0.76405,0.7641,0.76406,-1
2017-02-02T06:25:00Z,,0.7641,0.76406,0.76411,0.76408,0.76404,0.76401,0.76408,0.76405,-1
2017-02-02T06:26:00Z,,0.76408,0.76405,0.76412,0.76409,0.76402,0.764,0.76403,0.764,-1
2017-02-02T06:27:00Z,,0.76403,0.764,0.76407,0.76404,0.76392,0.76389,0.76403,0.764,-1
2017-02-02T06:28:00Z,,0.76403,0.764,0.76412,0.76409,0.76402,0.764,0.76412,0.76408,-1
2017-02-02T06:29:00Z,,0.76412,0.76408,0.76425,0.76423,0.76412,0.76408,0.76424,0.76422,-1
2017-02-02T06:30:00Z,,0.76424,0.76422,0.76446,0.76444,0.76423,0.76421,0.76444,0.7644,-1
2017-02-02T06:31:00Z,,0.76444,0.7644,0.7645,0.76447,0.7644,0.76436,0.76447,0.76445,-1
2017-02-02T06:32:00Z,,0.76447,0.76445,0.76455,0.76452,0.76445,0.76443,0.76449,0.76448,-1
2017-02-02T06:33:00Z,,0.76449,0.76448,0.76453,0.7645,0.76436,0.76434,0.76438,0.76435,-1
2017-02-02T06:34:00Z,,0.76438,0.76435,0.76442,0.7644,0.76434,0.76432,0.76438,0.76435,-1
2017-02-02T06:35:00Z,,0.76438,0.76435,0.76445,0.7644,0.76438,0.76434,0.76442,0.7644,-1
2017-02-02T06:36:00Z,,0.76442,0.7644,0.76451,0.76447,0.76442,0.7644,0.7645,0.76447,-1
2017-02-02T06:37:00Z,,0.7645,0.76447,0.7645,0.76447,0.7644,0.76437,0.76443,0.7644,-1
2017-02-02T06:38:00Z,,0.76443,0.7644,0.76444,0.7644,0.76438,0.76434,0.76441,0.76438,-1
2017-02-02T06:39:00Z,,0.76441,0.76438,0.76445,0.76442,0.7644,0.76436,0.7644,0.76436,-1
2017-02-02T06:40:00Z,,0.7644,0.76436,0.76443,0.7644,0.76432,0.76429,0.76434,0.76431,-1
2017-02-02T06:41:00Z,,0.76434,0.76431,0.76438,0.76437,0.7643,0.76427,0.76437,0.76433,-1
2017-02-02T06:42:00Z,,0.76437,0.76433,0.76438,0.76437,0.76429,0.76425,0.76432,0.76428,-1
2017-02-02T06:43:00Z,,0.76432,0.76428,0.76432,0.76428,0.76409,0.76406,0.76418,0.76417,-1
2017-02-02T06:44:00Z,,0.76418,0.76417,0.76428,0.76425,0.76418,0.76415,0.76426,0.76423,-1
2017-02-02T06:45:00Z,,0.76426,0.76423,0.76428,0.76427,0.76385,0.76382,0.76388,0.76386,-1
2017-02-02T06:46:00Z,,0.76388,0.76386,0.76391,0.76389,0.76378,0.76375,0.76379,0.76377,-1
2017-02-02T06:47:00Z,,0.76379,0.76377,0.76386,0.76384,0.76377,0.76375,0.76377,0.76375,-1
2017-02-02T06:48:00Z,,0.76377,0.76375,0.76382,0.76381,0.76375,0.76374,0.76381,0.7638,-1
2017-02-02T06:49:00Z,,0.76381,0.7638,0.76383,0.76382,0.76375,0.76372,0.76379,0.76375,-1
2017-02-02T06:50:00Z,,0.76379,0.76375,0.76394,0.76393,0.76379,0.76375,0.76391,0.76389,-1
2017-02-02T06:51:00Z,,0.76391,0.76389,0.76394,0.76391,0.76378,0.76375,0.76381,0.76378,-1
2017-02-02T06:52:00Z,,0.76381,0.76378,0.76383,0.76379,0.76373,0.76369,0.76376,0.76372,-1
2017-02-02T06:53:00Z,,0.76376,0.76372,0.76379,0.76376,0.76376,0.76372,0.76379,0.76376,-1
2017-02-02T06:54:00Z,,0.76379,0.76376,0.76382,0.76379,0.76378,0.76376,0.76379,0.76376,-1
2017-02-02T06:55:00Z,,0.76379,0.76376,0.76382,0.76377,0.76379,0.76375,0.7638,0.76376,-1
2017-02-02T06:56:00Z,,0.7638,0.76376,0.7638,0.76379,0.76373,0.76369,0.76373,0.76371,-1
2017-02-02T06:57:00Z,,0.76373,0.76371,0.76374,0.76371,0.7637,0.76365,0.76373,0.7637,-1
2017-02-02T06:58:00Z,,0.76373,0.7637,0.76382,0.76379,0.76371,0.76369,0.76374,0.76372,-1
2017-02-02T06:59:00Z,,0.76374,0.76372,0.76379,0.76377,0.76366,0.76363,0.76372,0.76369,-1
2017-02-02T07:00:00Z,,0.76372,0.76369,0.76391,0.7639,0.76372,0.76369,0.7638,0.76379,-1
2017-02-02T07:01:00Z,,0.7638,0.76379,0.76392,0.7639,0.76373,0.7637,0.76373,0.7637,-1
2017-02-02T07:02:00Z,,0.76373,0.7637,0.76373,0.7637,0.76349,0.76347,0.76361,0.76357,-1
2017-02-02T07:03:00Z,,0.76361,0.76357,0.76368,0.76367,0.76359,0.76356,0.76361,0.7636,-1
2017-02-02T07:04:00Z,,0.76361,0.7636,0.76368,0.76364,0.76352,0.76349,0.76357,0.76353,-1
2017-02-02T07:05:00Z,,0.76357,0.76353,0.76382,0.7638,0.76353,0.76352,0.76382,0.76378,-1
2017-02-02T07:06:00Z,,0.76382,0.76378,0.76388,0.76386,0.76369,0.76365,0.7637,0.76366,-1
2017-02-02T07:07:00Z,,0.7637,0.76366,0.76371,0.7637,0.76361,0.7636,0.76369,0.76366,-1
2017-02-02T07:08:00Z,,0.76369,0.76366,0.76369,0.76366,0.76351,0.7635,0.76355,0.76351,-1
2017-02-02T07:09:00Z,,0.76355,0.76351,0.76368,0.76367,0.76352,0.7635,0.7636,0.76359,-1
2017-02-02T07:10:00Z,,0.7636,0.76359,0.76363,0.7636,0.76353,0.7635,0.76362,0.76357,-1
2017-02-02T07:11:00Z,,0.76362,0.76357,0.76406,0.76401,0.76359,0.76355,0.76404,0.76399,-1
2017-02-02T07:12:00Z,,0.76404,0.76399,0.76427,0.76425,0.764,0.76399,0.76421,0.76417,-1
2017-02-02T07:13:00Z,,0.76421,0.76417,0.76428,0.76427,0.76417,0.76414,0.76424,0.76421,-1
2017-02-02T07:14:00Z,,0.76424,0.76421,0.76433,0.76429,0.76422,0.76418,0.76433,0.76429,-1
2017-02-02T07:15:00Z,,0.76433,0.76429,0.76433,0.76429,0.7642,0.76417,0.76426,0.76425,-1
2017-02-02T07:16:00Z,,0.76426,0.76425,0.76434,0.76432,0.76423,0.7642,0.76434,0.76431,-1
2017-02-02T07:17:00Z,,0.76434,0.76431,0.76436,0.76433,0.76419,0.76417,0.76419,0.76418,-1
2017-02-02T07:18:00Z,,0.76419,0.76418,0.76421,0.7642,0.76399,0.76395,0.76399,0.76398,-1
2017-02-02T07:19:00Z,,0.76399,0.76398,0.76419,0.76417,0.76399,0.76397,0.76416,0.76412,-1
2017-02-02T07:20:00Z,,0.76416,0.76412,0.76418,0.76415,0.76402,0.76398,0.76411,0.76408,-1
2017-02-02T07:21:00Z,,0.76411,0.76408,0.76433,0.7643,0.76411,0.76408,0.76433,0.7643,-1
2017-02-02T07:22:00Z,,0.76433,0.7643,0.76435,0.76432,0.76424,0.7642,0.76424,0.7642,-1
2017-02-02T07:23:00Z,,0.76424,0.7642,0.76454,0.76453,0.76422,0.76419,0.7645,0.76448,-1
2017-02-02T07:24:00Z,,0.7645,0.76448,0.76455,0.76452,0.7644,0.76437,0.76454,0.76451,-1
2017-02-02T07:25:00Z,,0.76454,0.76451,0.76454,0.76451,0.76428,0.76425,0.76442,0.76437,-1
2017-02-02T07:26:00Z,,0.76442,0.76437,0.76449,0.76445,0.76429,0.76425,0.76429,0.76425,-1
2017-02-02T07:27:00Z,,0.76429,0.76425,0.76434,0.76433,0.76422,0.76419,0.7643,0.76426,-1
2017-02-02T07:28:00Z,,0.7643,0.76426,0.76454,0.7645,0.76429,0.76426,0.76452,0.76448,-1
2017-02-02T07:29:00Z,,0.76452,0.76448,0.76461,0.7646,0.7645,0.76447,0.76461,0.76457,-1
2017-02-02T07:30:00Z,,0.76461,0.76457,0.76474,0.7647,0.76456,0.76455,0.76468,0.76465,-1
2017-02-02T07:31:00Z,,0.76468,0.76465,0.7647,0.76466,0.76434,0.76433,0.76438,0.76436,-1
2017-02-02T07:32:00Z,,0.76438,0.76436,0.76457,0.76455,0.76431,0.7643,0.76453,0.76451,-1
2017-02-02T07:33:00Z,,0.76453,0.76451,0.76465,0.76462,0.76451,0.7645,0.76463,0.76462,-1
2017-02-02T07:34:00Z,,0.76463,0.76462,0.76478,0.76477,0.76457,0.76455,0.76475,0.76471,-1
2017-02-02T07:35:00Z,,0.76475,0.76471,0.76479,0.76476,0.76467,0.76465,0.76476,0.76473,-1
2017-02-02T07:36:00Z,,0.76476,0.76473,0.76483,0.7648,0.76472,0.76471,0.76474,0.76471,-1
2017-02-02T07:37:00Z,,0.76474,0.76471,0.76479,0.76476,0.76465,0.76462,0.76468,0.76465,-1
2017-02-02T07:38:00Z,,0.76468,0.76465,0.76476,0.76473,0.76467,0.76463,0.76475,0.76473,-1
2017-02-02T07:39:00Z,,0.76475,0.76473,0.76478,0.76476,0.76452,0.7645,0.76457,0.76454,-1
2017-02-02T07:40:00Z,,0.76457,0.76454,0.76458,0.76456,0.76431,0.76428,0.76437,0.76433,-1
2017-02-02T07:41:00Z,,0.76437,0.76433,0.76443,0.76439,0.76429,0.76427,0.76429,0.76427,-1
2017-02-02T07:42:00Z,,0.76429,0.76427,0.76453,0.76449,0.76428,0.76425,0.7645,0.76447,-1
2017-02-02T07:43:00Z,,0.7645,0.76447,0.76455,0.76452,0.76444,0.76441,0.76451,0.76448,-1
2017-02-02T07:44:00Z,,0.76451,0.76448,0.76458,0.76455,0.76451,0.76448,0.76452,0.76449,-1
2017-02-02T07:45:00Z,,0.76452,0.76449,0.76462,0.76459,0.76448,0.76445,0.76455,0.76452,-1
2017-02-02T07:46:00Z,,0.76455,0.76452,0.76463,0.76459,0.76453,0.76449,0.76457,0.76453,-1
2017-02-02T07:47:00Z,,0.76457,0.76453,0.76461,0.76459,0.76451,0.76448,0.76453,0.76449,-1
2017-02-02T07:48:00Z,,0.76453,0.76449,0.76455,0.76451,0.76452,0.76448,0.76453,0.76449,-1
2017-02-02T07:49:00Z,,0.76453,0.76449,0.76459,0.76456,0.76443,0.7644,0.76448,0.76444,-1
2017-02-02T07:50:00Z,,0.76448,0.76444,0.76456,0.76455,0.76447,0.76444,0.7645,0.76449,-1
2017-02-02T07:51:00Z,,0.7645,0.76449,0.7645,0.76449,0.76437,0.76435,0.76439,0.76436,-1
2017-02-02T07:52:00Z,,0.76439,0.76436,0.76441,0.76438,0.76429,0.76426,0.76432,0.76428,-1
2017-02-02T07:53:00Z,,0.76432,0.76428,0.7644,0.76436,0.76428,0.76426,0.76432,0.76429,-1
2017-02-02T07:54:00Z,,0.76432,0.76429,0.76448,0.76444,0.76429,0.76427,0.76444,0.76442,-1
2017-02-02T07:55:00Z,,0.76444,0.76442,0.76462,0.7646,0.76444,0.76442,0.76461,0.7646,-1
2017-02-02T07:56:00Z,,0.76461,0.7646,0.76476,0.76474,0.76461,0.76459,0.76473,0.76472,-1
2017-02-02T07:57:00Z,,0.76473,0.76472,0.76475,0.76472,0.76463,0.7646,0.76471,0.7647,-1
2017-02-02T07:58:00Z,,0.76471,0.7647,0.76475,0.76472,0.76461,0.7646,0.76464,0.7646,-1
2017-02-02T07:59:00Z,,0.76464,0.7646,0.76469,0.76466,0.76461,0.76458,0.76466,0.76463,-1
2017-02-02T08:00:00Z,,0.76466,0.76463,0.76476,0.76473,0.76457,0.76455,0.76467,0.76466,-1
2017-02-02T08:01:00Z,,0.76467,0.76466,0.76481,0.76478,0.76456,0.76454,0.76481,0.76478,-1
2017-02-02T08:02:00Z,,0.76481,0.76478,0.76504,0.76502,0.76478,0.76476,0.76496,0.76494,-1
2017-02-02T08:03:00Z,,0.76496,0.76494,0.76543,0.76541,0.76495,0.76492,0.76542,0.76541,-1
2017-02-02T08:04:00Z,,0.76542,0.76541,0.76554,0.76552,0.7652,0.76518,0.76521,0.76518,-1
2017-02-02T08:05:00Z,,0.76521,0.76518,0.7653,0.76529,0.76511,0.76509,0.7653,0.76528,-1
2017-02-02T08:06:00Z,,0.7653,0.76528,0.7653,0.76529,0.76507,0.76505,0.76513,0.76511,-1
2017-02-02T08:07:00Z,,0.76513,0.76511,0.76523,0.76522,0.76508,0.76506,0.76516,0.76512,-1
2017-02-02T08:08:00Z,,0.76516,0.76512,0.76525,0.76522,0.76499,0.76497,0.76504,0.76503,-1
2017-02-02T08:09:00Z,,0.76504,0.76503,0.76522,0.76519,0.76501,0.76497,0.76516,0.76514,-1
2017-02-02T08:10:00Z,,0.76516,0.76514,0.76543,0.7654,0.76516,0.76514,0.76534,0.76532,-1
2017-02-02T08:11:00Z,,0.76534,0.76532,0.76549,0.76548,0.76532,0.7653,0.76532,0.7653,-1
2017-02-02T08:12:00Z,,0.76532,0.7653,0.76553,0.76551,0.76532,0.76529,0.76539,0.76538,-1
2017-02-02T08:13:00Z,,0.76539,0.76538,0.76542,0.76541,0.76527,0.76526,0.76528,0.76526,-1
2017-02-02T08:14:00Z,,0.76528,0.76526,0.7653,0.76527,0.76518,0.76517,0.76523,0.7652,-1
2017-02-02T08:15:00Z,,0.76523,0.7652,0.76536,0.76535,0.76523,0.76519,0.76531,0.76528,-1
2017-02-02T08:16:00Z,,0.76531,0.76528,0.76532,0.76529,0.76519,0.76516,0.76522,0.76519,-1
2017-02-02T08:17:00Z,,0.76522,0.76519,0.76528,0.76526,0.76517,0.76515,0.76528,0.76525,-1
2017-02-02T08:18:00Z,,0.76528,0.76525,0.7653,0.76526,0.76519,0.76515,0.76521,0.76518,-1
2017-02-02T08:19:00Z,,0.76521,0.76518,0.76536,0.76535,0.76519,0.76517,0.76531,0.76529,-1
2017-02-02T08:20:00Z,,0.76531,0.76529,0.76544,0.76541,0.76522,0.76519,0.76542,0.76538,-1
2017-02-02T08:21:00Z,,0.76542,0.76538,0.76543,0.76541,0.76537,0.76533,0.76541,0.76537,-1
2017-02-02T08:22:00Z,,0.76541,0.76537,0.7655,0.76545,0.7654,0.76535,0.7655,0.76545,-1
2017-02-02T08:23:00Z,,0.7655,0.76545,0.7655,0.76548,0.76538,0.76535,0.76546,0.76544,-1
2017-02-02T08:24:00Z,,0.76546,0.76544,0.7655,0.76547,0.76542,0.76538,0.76544,0.76541,-1
2017-02-02T08:25:00Z,,0.76544,0.76541,0.76579,0.76578,0.76543,0.7654,0.7656,0.76559,-1
2017-02-02T08:26:00Z,,0.7656,0.76559,0.76566,0.76563,0.76546,0.76544,0.76548,0.76544,-1
2017-02-02T08:27:00Z,,0.76548,0.76544,0.76549,0.76545,0.76536,0.76534,0.76542,0.76538,-1
2017-02-02T08:28:00Z,,0.76542,0.76538,0.76562,0.76561,0.7654,0.76537,0.76561,0.76559,-1
2017-02-02T08:29:00Z,,0.76561,0.76559,0.76587,0.76586,0.76555,0.76552,0.76578,0.76577,-1
2017-02-02T08:30:00Z,,0.76578,0.76577,0.76613,0.76612,0.76569,0.76568,0.76611,0.7661,-1
2017-02-02T08:31:00Z,,0.76611,0.7661,0.76665,0.76662,0.7661,0.76608,0.76656,0.76652,-1
2017-02-02T08:32:00Z,,0.76656,0.76652,0.76657,0.76654,0.76636,0.76633,0.7665,0.76648,-1
2017-02-02T08:33:00Z,,0.7665,0.76648,0.76655,0.76654,0.76641,0.76639,0.76654,0.7665,-1
2017-02-02T08:34:00Z,,0.76654,0.7665,0.7669,0.76687,0.76654,0.7665,0.76675,0.76671,-1
2017-02-02T08:35:00Z,,0.76675,0.76671,0.76676,0.76672,0.76651,0.76649,0.76653,0.7665,-1
2017-02-02T08:36:00Z,,0.76653,0.7665,0.76673,0.7667,0.76653,0.7665,0.76671,0.76668,-1
2017-02-02T08:37:00Z,,0.76671,0.76668,0.76693,0.76691,0.7665,0.76648,0.76686,0.76685,-1
2017-02-02T08:38:00Z,,0.76686,0.76685,0.76687,0.76686,0.76664,0.76662,0.76666,0.76662,-1
2017-02-02T08:39:00Z,,0.76666,0.76662,0.76672,0.76669,0.76655,0.76653,0.76659,0.76656,-1
2017-02-02T08:40:00Z,,0.76659,0.76656,0.76659,0.76657,0.76649,0.76646,0.76649,0.76647,-1
2017-02-02T08:41:00Z,,0.76649,0.76647,0.76651,0.76648,0.76639,0.76637,0.76647,0.76645,-1
2017-02-02T08:42:00Z,,0.76647,0.76645,0.76659,0.76658,0.76643,0.76641,0.7665,0.76647,-1
2017-02-02T08:43:00Z,,0.7665,0.76647,0.7665,0.76647,0.76628,0.76625,0.7663,0.76627,-1
2017-02-02T08:44:00Z,,0.7663,0.76627,0.7666,0.76659,0.76628,0.76625,0.7666,0.76657,-1
2017-02-02T08:45:00Z,,0.7666,0.76657,0.76684,0.76682,0.76658,0.76656,0.7668,0.76677,-1
2017-02-02T08:46:00Z,,0.7668,0.76677,0.76681,0.76678,0.76666,0.76663,0.76681,0.76678,-1
2017-02-02T08:47:00Z,,0.76681,0.76678,0.76694,0.76692,0.76674,0.76673,0.7668,0.76679,-1
2017-02-02T08:48:00Z,,0.7668,0.76679,0.7669,0.76688,0.76654,0.76653,0.7666,0.76657,-1
2017-02-02T08:49:00Z,,0.7666,0.76657,0.767,0.76698,0.76652,0.76649,0.76695,0.76691,-1
2017-02-02T08:50:00Z,,0.76695,0.76691,0.767,0.76697,0.76677,0.76676,0.76677,0.76676,-1
2017-02-02T08:51:00Z,,0.76677,0.76676,0.76687,0.76685,0.76643,0.76642,0.76654,0.76651,-1
2017-02-02T08:52:00Z,,0.76654,0.76651,0.76665,0.76663,0.76652,0.76649,0.76663,0.7666,-1
2017-02-02T08:53:00Z,,0.76663,0.7666,0.76668,0.76664,0.7666,0.76655,0.76662,0.76661,-1
2017-02-02T08:54:00Z,,0.76662,0.76661,0.76673,0.76669,0.76657,0.76655,0.76673,0.76669,-1
2017-02-02T08:55:00Z,,0.76673,0.76669,0.76693,0.76688,0.76671,0.76668,0.76692,0.76687,-1
2017-02-02T08:56:00Z,,0.76692,0.76687,0.76698,0.76695,0.76675,0.76671,0.7668,0.76677,-1
2017-02-02T08:57:00Z,,0.7668,0.76677,0.76696,0.76692,0.76677,0.76675,0.76687,0.76684,-1
2017-02-02T08:58:00Z,,0.76687,0.76684,0.76693,0.76688,0.76679,0.76677,0.76688,0.76684,-1
2017-02-02T08:59:00Z,,0.76688,0.76684,0.76704,0.76703,0.76682,0.7668,0.76704,0.767,-1
2017-02-02T09:00:00Z,,0.76704,0.767,0.76725,0.76724,0.76702,0.76698,0.76725,0.76724,-1
2017-02-02T09:01:00Z,,0.76725,0.76724,0.76729,0.76728,0.76716,0.76715,0.7672,0.76718,-1
2017-02-02T09:02:00Z,,0.7672,0.76718,0.76722,0.7672,0.76706,0.76701,0.76706,0.76701,-1
2017-02-02T09:03:00Z,,0.76706,0.76701,0.7671,0.76707,0.76675,0.76671,0.76675,0.76674,-1
2017-02-02T09:04:00Z,,0.76675,0.76674,0.76681,0.76678,0.76648,0.76644,0.76648,0.76645,-1
2017-02-02T09:05:00Z,,0.76648,0.76645,0.76654,0.76652,0.76632,0.7663,0.76654,0.76651,-1
2017-02-02T09:06:00Z,,0.76654,0.76651,0.76661,0.7666,0.76649,0.76647,0.7665,0.76647,-1
2017-02-02T09:07:00Z,,0.7665,0.76647,0.76661,0.76659,0.76646,0.76643,0.7666,0.76659,-1
2017-02-02T09:08:00Z,,0.7666,0.76659,0.76688,0.76686,0.7666,0.76658,0.76684,0.7668,-1
2017-02-02T09:09:00Z,,0.76684,0.7668,0.76716,0.76714,0.76682,0.76679,0.767,0.76697,-1
2017-02-02T09:10:00Z,,0.767,0.76697,0.76713,0.76711,0.76688,0.76687,0.7669,0.76689,-1
2017-02-02T09:11:00Z,,0.7669,0.76689,0.76692,0.76689,0.7667,0.76667,0.76683,0.76677,-1
2017-02-02T09:12:00Z,,0.76683,0.76677,0.76684,0.76679,0.76673,0.7667,0.76676,0.76672,-1
2017-02-02T09:13:00Z,,0.76676,0.76672,0.76692,0.76691,0.76674,0.76672,0.76689,0.76686,-1
2017-02-02T09:14:00Z,,0.76689,0.76686,0.76694,0.7669,0.7668,0.76678,0.76691,0.76687,-1
2017-02-02T09:15:00Z,,0.76691,0.76687,0.76704,0.76701,0.76691,0.76687,0.76703,0.76699,-1
2017-02-02T09:16:00Z,,0.76703,0.76699,0.76707,0.76704,0.76698,0.76696,0.76702,0.76699,-1
2017-02-02T09:17:00Z,,0.76702,0.76699,0.76715,0.76712,0.76701,0.76699,0.76713,0.7671,-1
2017-02-02T09:18:00Z,,0.76713,0.7671,0.76729,0.76727,0.7671,0.76708,0.76722,0.76719,-1
2017-02-02T09:19:00Z,,0.76722,0.76719,0.76739,0.76737,0.76722,0.76719,0.76735,0.76734,-1
2017-02-02T09:20:00Z,,0.76735,0.76734,0.76735,0.76734,0.76726,0.76725,0.7673,0.76728,-1
2017-02-02T09:21:00Z,,0.7673,0.76728,0.76742,0.76741,0.76729,0.76727,0.76729,0.76727,-1
2017-02-02T09:22:00Z,,0.76729,0.76727,0.7673,0.76729,0.7672,0.76716,0.76721,0.76718,-1
2017-02-02T09:23:00Z,,0.76721,0.76718,0.76743,0.76741,0.7672,0.76717,0.7674,0.76738,-1
2017-02-02T09:24:00Z,,0.7674,0.76738,0.7674,0.76738,0.76728,0.76726,0.7673,0.76728,-1
2017-02-02T09:25:00Z,,0.7673,0.76728,0.76732,0.76729,0.76725,0.76723,0.76726,0.76724,-1
2017-02-02T09:26:00Z,,0.76726,0.76724,0.7673,0.76729,0.76724,0.76722,0.76727,0.76724,-1
2017-02-02T09:27:00Z,,0.76727,0.76724,0.76728,0.76726,0.76721,0.76718,0.76721,0.76718,-1
2017-02-02T09:28:00Z,,0.76721,0.76718,0.76724,0.76722,0.7672,0.76718,0.76723,0.76719,-1
2017-02-02T09:29:00Z,,0.76723,0.76719,0.7673,0.76728,0.76722,0.76719,0.7673,0.76726,-1
2017-02-02T09:30:00Z,,0.7673,0.76726,0.7673,0.76726,0.76719,0.76718,0.76725,0.76722,-1
2017-02-02T09:31:00Z,,0.76725,0.76722,0.7673,0.76727,0.76723,0.7672,0.76728,0.76726,-1
2017-02-02T09:32:00Z,,0.76728,0.76726,0.7673,0.76729,0.76719,0.76716,0.76723,0.7672,-1
2017-02-02T09:33:00Z,,0.76723,0.7672,0.76725,0.76722,0.76701,0.76698,0.76702,0.76698,-1
2017-02-02T09:34:00Z,,0.76702,0.76698,0.76703,0.76701,0.76683,0.7668,0.76689,0.76687,-1
2017-02-02T09:35:00Z,,0.76689,0.76687,0.7671,0.76708,0.76688,0.76687,0.76701,0.767,-1
2017-02-02T09:36:00Z,,0.76701,0.767,0.7672,0.76719,0.767,0.76699,0.76708,0.76707,-1
2017-02-02T09:37:00Z,,0.76708,0.76707,0.76712,0.76709,0.76705,0.76703,0.7671,0.76706,-1
2017-02-02T09:38:00Z,,0.7671,0.76706,0.76711,0.7671,0.76683,0.7668,0.7669,0.76688,-1
2017-02-02T09:39:00Z,,0.7669,0.76688,0.76699,0.76697,0.76684,0.76681,0.76697,0.76695,-1
2017-02-02T09:40:00Z,,0.76697,0.76695,0.76699,0.76696,0.7669,0.76685,0.7669,0.76688,-1
2017-02-02T09:41:00Z,,0.7669,0.76688,0.7669,0.76689,0.7668,0.76676,0.7668,0.76676,-1
2017-02-02T09:42:00Z,,0.7668,0.76676,0.7668,0.76677,0.76663,0.7666,0.76667,0.76663,-1
2017-02-02T09:43:00Z,,0.76667,0.76663,0.76668,0.76664,0.76649,0.76645,0.76663,0.76659,-1
2017-02-02T09:44:00Z,,0.76663,0.76659,0.76674,0.7667,0.7666,0.76657,0.76661,0.76657,-1
2017-02-02T09:45:00Z,,0.76661,0.76657,0.76671,0.76668,0.76659,0.76655,0.76661,0.76657,-1
2017-02-02T09:46:00Z,,0.76661,0.76657,0.76679,0.76676,0.76656,0.76653,0.76669,0.76667,-1
2017-02-02T09:47:00Z,,0.76669,0.76667,0.76673,0.76672,0.76655,0.76652,0.7666,0.76656,-1
2017-02-02T09:48:00Z,,0.7666,0.76656,0.76666,0.76665,0.76652,0.76649,0.76658,0.76655,-1
2017-02-02T09:49:00Z,,0.76658,0.76655,0.76691,0.76689,0.76657,0.76653,0.7669,0.76686,-1
2017-02-02T09:50:00Z,,0.7669,0.76686,0.76699,0.76697,0.76689,0.76686,0.76696,0.76694,-1
2017-02-02T09:51:00Z,,0.76696,0.76694,0.76709,0.76706,0.76696,0.76692,0.767,0.76699,-1
2017-02-02T09:52:00Z,,0.767,0.76699,0.767,0.76699,0.76682,0.76679,0.76686,0.76684,-1
2017-02-02T09:53:00Z,,0.76686,0.76684,0.76719,0.76717,0.76683,0.76682,0.76709,0.76705,-1
2017-02-02T09:54:00Z,,0.76709,0.76705,0.76711,0.76709,0.76693,0.76689,0.76694,0.76691,-1
2017-02-02T09:55:00Z,,0.76694,0.76691,0.76721,0.76718,0.76691,0.76687,0.7671,0.76707,-1
2017-02-02T09:56:00Z,,0.7671,0.76707,0.76721,0.76718,0.76708,0.76705,0.76721,0.76717,-1
2017-02-02T09:57:00Z,,0.76721,0.76717,0.76729,0.76725,0.7672,0.76717,0.76726,0.76722,-1
2017-02-02T09:58:00Z,,0.76726,0.76722,0.76732,0.76731,0.76721,0.76718,0.76732,0.76731,-1
2017-02-02T09:59:00Z,,0.76732,0.76731,0.76738,0.76736,0.76721,0.76718,0.76727,0.76724,-1
2017-02-02T10:00:00Z,,0.76727,0.76724,0.76736,0.76734,0.76718,0.76715,0.76721,0.76717,-1
2017-02-02T10:01:00Z,,0.76721,0.76717,0.76726,0.76725,0.76707,0.76706,0.76708,0.76707,-1
2017-02-02T10:02:00Z,,0.76708,0.76707,0.76733,0.7673,0.76699,0.76696,0.76726,0.76725,-1
2017-02-02T10:03:00Z,,0.76726,0.76725,0.76748,0.76744,0.76723,0.7672,0.76726,0.76723,-1
2017-02-02T10:04:00Z,,0.76726,0.76723,0.76726,0.76724,0.76714,0.76712,0.7672,0.76717,-1
2017-02-02T10:05:00Z,,0.7672,0.76717,0.76736,0.76735,0.76717,0.76714,0.7673,0.76728,-1
2017-02-02T10:06:00Z,,0.7673,0.76728,0.76748,0.76746,0.76727,0.76725,0.76745,0.76744,-1
2017-02-02T10:07:00Z,,0.76745,0.76744,0.76747,0.76745,0.76731,0.76729,0.76741,0.76739,-1
2017-02-02T10:08:00Z,,0.76741,0.76739,0.76747,0.76744,0.76738,0.76737,0.76742,0.76739,-1
2017-02-02T10:09:00Z,,0.76742,0.76739,0.76743,0.7674,0.76738,0.76736,0.7674,0.76739,-1
2017-02-02T10:10:00Z,,0.7674,0.76739,0.76742,0.7674,0.76737,0.76732,0.76738,0.76736,-1
2017-02-02T10:11:00Z,,0.76738,0.76736,0.76745,0.76742,0.76732,0.76731,0.76742,0.76739,-1
2017-02-02T10:12:00Z,,0.76742,0.76739,0.76742,0.76739,0.76701,0.76698,0.76704,0.76701,-1
2017-02-02T10:13:00Z,,0.76704,0.76701,0.7672,0.76718,0.76703,0.76701,0.7672,0.76716,-1
2017-02-02T10:14:00Z,,0.7672,0.76716,0.7672,0.76717,0.76702,0.76699,0.76703,0.76702,-1
2017-02-02T10:15:00Z,,0.76703,0.76702,0.76709,0.76707,0.76688,0.76685,0.76689,0.76688,-1
2017-02-02T10:16:00Z,,0.76689,0.76688,0.76698,0.76696,0.76689,0.76685,0.76692,0.76688,-1
2017-02-02T10:17:00Z,,0.76692,0.76688,0.767,0.76699,0.76678,0.76675,0.76696,0.76695,-1
2017-02-02T10:18:00Z,,0.76696,0.76695,0.76698,0.76697,0.76683,0.76679,0.76695,0.76691,-1
2017-02-02T10:19:00Z,,0.76695,0.76691,0.767,0.76697,0.76691,0.7669,0.76699,0.76695,-1
2017-02-02T10:20:00Z,,0.76699,0.76695,0.76713,0.7671,0.76699,0.76695,0.76705,0.76702,-1
2017-02-02T10:21:00Z,,0.76705,0.76702,0.76722,0.76718,0.76703,0.767,0.76711,0.76708,-1
2017-02-02T10:22:00Z,,0.76711,0.76708,0.76735,0.76732,0.7671,0.76706,0.76733,0.7673,-1
2017-02-02T10:23:00Z,,0.76733,0.7673,0.76755,0.76752,0.76732,0.7673,0.76752,0.76749,-1
2017-02-02T10:24:00Z,,0.76752,0.76749,0.76752,0.76751,0.76733,0.7673,0.7674,0.76737,-1
2017-02-02T10:25:00Z,,0.7674,0.76737,0.76745,0.76741,0.76736,0.76732,0.76743,0.7674,-1
2017-02-02T10:26:00Z,,0.76743,0.7674,0.76746,0.76743,0.76739,0.76736,0.76742,0.76738,-1
2017-02-02T10:27:00Z,,0.76742,0.76738,0.76743,0.76738,0.76728,0.76726,0.76729,0.76728,-1
2017-02-02T10:28:00Z,,0.76729,0.76728,0.76732,0.76729,0.76723,0.76722,0.76728,0.76726,-1
2017-02-02T10:29:00Z,,0.76728,0.76726,0.7673,0.76727,0.76717,0.76716,0.76728,0.76725,-1
2017-02-02T10:30:00Z,,0.76728,0.76725,0.76745,0.76743,0.76728,0.76724,0.76745,0.76743,-1
2017-02-02T10:31:00Z,,0.76745,0.76743,0.76746,0.76745,0.76731,0.7673,0.76735,0.76732,-1
2017-02-02T10:32:00Z,,0.76735,0.76732,0.76738,0.76736,0.76725,0.76721,0.7673,0.76727,-1
2017-02-02T10:33:00Z,,0.7673,0.76727,0.76736,0.76733,0.76726,0.76723,0.76733,0.76729,-1
2017-02-02T10:34:00Z,,0.76733,0.76729,0.76735,0.76733,0.76727,0.76726,0.76727,0.76726,-1
2017-02-02T10:35:00Z,,0.76727,0.76726,0.7674,0.76736,0.76727,0.76726,0.76739,0.76736,-1
2017-02-02T10:36:00Z,,0.76739,0.76736,0.7674,0.76738,0.7673,0.76729,0.7673,0.76729,-1
2017-02-02T10:37:00Z,,0.7673,0.76729,0.76738,0.76736,0.76717,0.76716,0.76719,0.76717,-1
2017-02-02T10:38:00Z,,0.76719,0.76717,0.7672,0.76718,0.76706,0.76704,0.76709,0.76706,-1
2017-02-02T10:39:00Z,,0.76709,0.76706,0.76719,0.76717,0.76709,0.76705,0.76718,0.76715,-1
2017-02-02T10:40:00Z,,0.76718,0.76715,0.7674,0.76736,0.76718,0.76715,0.76731,0.76728,-1
2017-02-02T10:41:00Z,,0.76731,0.76728,0.76737,0.76735,0.7673,0.76727,0.76731,0.76727,-1
2017-02-02T10:42:00Z,,0.76731,0.76727,0.76731,0.76727,0.76713,0.7671,0.76717,0.76716,-1
2017-02-02T10:43:00Z,,0.76717,0.76716,0.76718,0.76716,0.76701,0.76698,0.76702,0.76699,-1
2017-02-02T10:44:00Z,,0.76702,0.76699,0.76703,0.767,0.76691,0.7669,0.76696,0.76695,-1
2017-02-02T10:45:00Z,,0.76696,0.76695,0.76701,0.76698,0.76689,0.76685,0.76691,0.76689,-1
2017-02-02T10:46:00Z,,0.76691,0.76689,0.76702,0.76698,0.7669,0.76686,0.76693,0.7669,-1
2017-02-02T10:47:00Z,,0.76693,0.7669,0.76695,0.76693,0.76677,0.76674,0.76688,0.76684,-1
2017-02-02T10:48:00Z,,0.76688,0.76684,0.76724,0.7672,0.76678,0.76675,0.76718,0.76713,-1
2017-02-02T10:49:00Z,,0.76718,0.76713,0.7672,0.76719,0.76706,0.76702,0.76719,0.76715,-1
2017-02-02T10:50:00Z,,0.76719,0.76715,0.76723,0.7672,0.76708,0.76705,0.76708,0.76706,-1
2017-02-02T10:51:00Z,,0.76708,0.76706,0.76709,0.76706,0.76696,0.76692,0.76705,0.76702,-1
2017-02-02T10:52:00Z,,0.76705,0.76702,0.76705,0.76702,0.76687,0.76683,0.76687,0.76684,-1
2017-02-02T10:53:00Z,,0.76687,0.76684,0.76691,0.76689,0.76679,0.76676,0.7668,0.76678,-1
2017-02-02T10:54:00Z,,0.7668,0.76678,0.76689,0.76687,0.7668,0.76677,0.76684,0.76679,-1
2017-02-02T10:55:00Z,,0.76684,0.76679,0.76691,0.76688,0.76683,0.76679,0.7669,0.76687,-1
2017-02-02T10:56:00Z,,0.7669,0.76687,0.76699,0.76696,0.7668,0.76676,0.7668,0.76677,-1
2017-02-02T10:57:00Z,,0.7668,0.76677,0.76689,0.76688,0.76679,0.76676,0.7668,0.76677,-1
2017-02-02T10:58:00Z,,0.7668,0.76677,0.76685,0.76684,0.7668,0.76677,0.76682,0.76677,-1
2017-02-02T10:59:00Z,,0.76682,0.76677,0.7669,0.76687,0.7668,0.76676,0.76688,0.76684,-1
2017-02-02T11:00:00Z,,0.76688,0.76684,0.76688,0.76684,0.7668,0.76676,0.76681,0.76678,-1
2017-02-02T11:01:00Z,,0.76681,0.76678,0.76689,0.76688,0.7667,0.76668,0.76675,0.76672,-1
2017-02-02T11:02:00Z,,0.76675,0.76672,0.76692,0.76689,0.76674,0.76671,0.7669,0.76688,-1
2017-02-02T11:03:00Z,,0.7669,0.76688,0.76709,0.76706,0.7669,0.76688,0.767,0.76698,-1
2017-02-02T11:04:00Z,,0.767,0.76698,0.767,0.76699,0.76686,0.76685,0.76695,0.76691,-1
2017-02-02T11:05:00Z,,0.76695,0.76691,0.76695,0.76692,0.76679,0.76675,0.76682,0.76678,-1
2017-02-02T11:06:00Z,,0.76682,0.76678,0.76692,0.76691,0.7668,0.76678,0.76689,0.76688,-1
2017-02-02T11:07:00Z,,0.76689,0.76688,0.76697,0.76696,0.76688,0.76684,0.76693,0.76689,-1
2017-02-02T11:08:00Z,,0.76693,0.76689,0.76694,0.7669,0.7669,0.76687,0.76691,0.76687,-1
2017-02-02T11:09:00Z,,0.76691,0.76687,0.76692,0.76688,0.76683,0.76681,0.76687,0.76683,-1
2017-02-02T11:10:00Z,,0.76687,0.76683,0.76689,0.76686,0.7667,0.76668,0.7667,0.76668,-1
2017-02-02T11:11:00Z,,0.7667,0.76668,0.76677,0.76676,0.76657,0.76655,0.76659,0.76658,-1
2017-02-02T11:12:00Z,,0.76659,0.76658,0.76671,0.76667,0.76659,0.76657,0.76662,0.76658,-1
2017-02-02T11:13:00Z,,0.76662,0.76658,0.76662,0.76659,0.76641,0.76639,0.76641,0.7664,-1
2017-02-02T11:14:00Z,,0.76641,0.7664,0.76655,0.76653,0.76627,0.76625,0.76647,0.76644,-1
2017-02-02T11:15:00Z,,0.76647,0.76644,0.76653,0.76652,0.76638,0.76633,0.76653,0.76649,-1
2017-02-02T11:16:00Z,,0.76653,0.76649,0.76659,0.76657,0.76648,0.76646,0.76658,0.76655,-1
2017-02-02T11:17:00Z,,0.76658,0.76655,0.76659,0.76656,0.76653,0.7665,0.76659,0.76655,-1
2017-02-02T11:18:00Z,,0.76659,0.76655,0.76691,0.76689,0.76658,0.76655,0.76683,0.76681,-1
2017-02-02T11:19:00Z,,0.76683,0.76681,0.76688,0.76686,0.76681,0.76677,0.76681,0.76678,-1
2017-02-02T11:20:00Z,,0.76681,0.76678,0.76692,0.76689,0.7668,0.76675,0.76691,0.76688,-1
2017-02-02T11:21:00Z,,0.76691,0.76688,0.76709,0.76706,0.7669,0.76687,0.76706,0.76704,-1
2017-02-02T11:22:00Z,,0.76706,0.76704,0.76718,0.76715,0.76705,0.76701,0.76707,0.76706,-1
2017-02-02T11:23:00Z,,0.76707,0.76706,0.76713,0.7671,0.76683,0.7668,0.76696,0.76693,-1
2017-02-02T11:24:00Z,,0.76696,0.76693,0.76703,0.76699,0.76668,0.76666,0.76669,0.76666,-1
2017-02-02T11:25:00Z,,0.76669,0.76666,0.76678,0.76675,0.76669,0.76666,0.76673,0.76669,-1
2017-02-02T11:26:00Z,,0.76673,0.76669,0.76681,0.76678,0.76664,0.76661,0.76671,0.76669,-1
2017-02-02T11:27:00Z,,0.76671,0.76669,0.76681,0.76677,0.76661,0.76657,0.76666,0.76662,-1
2017-02-02T11:28:00Z,,0.76666,0.76662,0.76673,0.7667,0.76662,0.7666,0.76673,0.76668,-1
2017-02-02T11:29:00Z,,0.76673,0.76668,0.76691,0.76687,0.7667,0.76668,0.7669,0.76687,-1
2017-02-02T11:30:00Z,,0.7669,0.76687,0.76733,0.76731,0.76681,0.7668,0.76725,0.76722,-1
2017-02-02T11:31:00Z,,0.76725,0.76722,0.76726,0.76722,0.76712,0.76708,0.76713,0.76711,-1
2017-02-02T11:32:00Z,,0.76713,0.76711,0.76731,0.76727,0.76713,0.7671,0.76727,0.76723,-1
2017-02-02T11:33:00Z,,0.76727,0.76723,0.76729,0.76726,0.76696,0.76694,0.76702,0.76698,-1
2017-02-02T11:34:00Z,,0.76702,0.76698,0.7671,0.76708,0.76702,0.76698,0.76704,0.767,-1
2017-02-02T11:35:00Z,,0.76704,0.767,0.76725,0.76722,0.76704,0.767,0.76725,0.76722,-1
2017-02-02T11:36:00Z,,0.76725,0.76722,0.76732,0.76731,0.76713,0.76711,0.76716,0.76714,-1
2017-02-02T11:37:00Z,,0.76716,0.76714,0.76726,0.76725,0.76716,0.76714,0.76724,0.76721,-1
2017-02-02T11:38:00Z,,0.76724,0.76721,0.76727,0.76723,0.76708,0.76707,0.76726,0.76722,-1
2017-02-02T11:39:00Z,,0.76726,0.76722,0.76727,0.76723,0.76722,0.76718,0.76725,0.76723,-1
2017-02-02T11:40:00Z,,0.76725,0.76723,0.76731,0.76729,0.76721,0.76719,0.76722,0.76719,-1
2017-02-02T11:41:00Z,,0.76722,0.76719,0.76731,0.76727,0.7672,0.76719,0.76729,0.76725,-1
2017-02-02T11:42:00Z,,0.76729,0.76725,0.7673,0.76727,0.76715,0.76714,0.76722,0.76718,-1
2017-02-02T11:43:00Z,,0.76722,0.76718,0.76726,0.76723,0.76713,0.76711,0.76717,0.76712,-1
2017-02-02T11:44:00Z,,0.76717,0.76712,0.7673,0.76725,0.76709,0.76705,0.76729,0.76725,-1
2017-02-02T11:45:00Z,,0.76729,0.76725,0.76731,0.76728,0.76721,0.76719,0.76729,0.76727,-1
2017-02-02T11:46:00Z,,0.76729,0.76727,0.76743,0.7674,0.76727,0.76725,0.7674,0.76737,-1
2017-02-02T11:47:00Z,,0.7674,0.76737,0.76748,0.76747,0.76733,0.7673,0.76745,0.7674,-1
2017-02-02T11:48:00Z,,0.76745,0.7674,0.76746,0.76742,0.76731,0.76728,0.76733,0.76732,-1
2017-02-02T11:49:00Z,,0.76733,0.76732,0.7675,0.76748,0.76728,0.76726,0.76744,0.7674,-1
2017-02-02T11:50:00Z,,0.76744,0.7674,0.76775,0.76773,0.76741,0.76738,0.76771,0.7677,-1
2017-02-02T11:51:00Z,,0.76771,0.7677,0.76771,0.7677,0.7675,0.76747,0.76763,0.7676,-1
2017-02-02T11:52:00Z,,0.76763,0.7676,0.76772,0.7677,0.76762,0.7676,0.76768,0.76766,-1
2017-02-02T11:53:00Z,,0.76768,0.76766,0.76768,0.76766,0.76752,0.76751,0.76761,0.76758,-1
2017-02-02T11:54:00Z,,0.76761,0.76758,0.76761,0.76758,0.76745,0.76744,0.76749,0.76747,-1
2017-02-02T11:55:00Z,,0.76749,0.76747,0.76759,0.76756,0.76749,0.76745,0.76758,0.76754,-1
2017-02-02T11:56:00Z,,0.76758,0.76754,0.7676,0.76756,0.76729,0.76727,0.7673,0.76727,-1
2017-02-02T11:57:00Z,,0.7673,0.76727,0.7673,0.76727,0.7672,0.76718,0.76726,0.76724,-1
2017-02-02T11:58:00Z,,0.76726,0.76724,0.76742,0.76739,0.76725,0.76724,0.76739,0.76736,-1
2017-02-02T11:59:00Z,,0.76739,0.76736,0.76743,0.76741,0.76723,0.7672,0.76732,0.76729,-1
2017-02-02T12:00:00Z,,0.76732,0.76729,0.76751,0.76748,0.76725,0.7672,0.76734,0.76731,-1
2017-02-02T12:01:00Z,,0.76734,0.76731,0.76754,0.76752,0.76732,0.7673,0.76749,0.76748,-1
2017-02-02T12:02:00Z,,0.76749,0.76748,0.76761,0.76758,0.76732,0.7673,0.7674,0.76737,-1
2017-02-02T12:03:00Z,,0.7674,0.76737,0.76745,0.76742,0.76725,0.76721,0.76729,0.76726,-1
2017-02-02T12:04:00Z,,0.76729,0.76726,0.76735,0.76734,0.76724,0.76721,0.7673,0.76729,-1
2017-02-02T12:05:00Z,,0.7673,0.76729,0.76731,0.76729,0.76691,0.76688,0.76698,0.76697,-1
2017-02-02T12:06:00Z,,0.76698,0.76697,0.76704,0.76702,0.76681,0.76679,0.76685,0.76681,-1
2017-02-02T12:07:00Z,,0.76685,0.76681,0.76706,0.76702,0.76678,0.76676,0.76704,0.76701,-1
2017-02-02T12:08:00Z,,0.76704,0.76701,0.76725,0.76722,0.76691,0.76687,0.76692,0.76691,-1
2017-02-02T12:09:00Z,,0.76692,0.76691,0.76718,0.76714,0.76686,0.76682,0.76694,0.76692,-1
2017-02-02T12:10:00Z,,0.76694,0.76692,0.76735,0.76733,0.76693,0.76691,0.76734,0.76731,-1
2017-02-02T12:11:00Z,,0.76734,0.76731,0.76753,0.76752,0.76733,0.76731,0.76741,0.76738,-1
2017-02-02T12:12:00Z,,0.76741,0.76738,0.76767,0.76765,0.76739,0.76738,0.76764,0.76763,-1
2017-02-02T12:13:00Z,,0.76764,0.76763,0.76773,0.76772,0.76763,0.76762,0.76772,0.76771,-1
2017-02-02T12:14:00Z,,0.76772,0.76771,0.76772,0.76771,0.76751,0.7675,0.76763,0.76761,-1
2017-02-02T12:15:00Z,,0.76763,0.76761,0.76768,0.76767,0.76753,0.7675,0.76753,0.76751,-1
2017-02-02T12:16:00Z,,0.76753,0.76751,0.76766,0.76762,0.76753,0.7675,0.76755,0.76751,-1
2017-02-02T12:17:00Z,,0.76755,0.76751,0.76763,0.76762,0.76745,0.76741,0.76745,0.76741,-1
2017-02-02T12:18:00Z,,0.76745,0.76741,0.76753,0.7675,0.76739,0.76737,0.76753,0.76749,-1
2017-02-02T12:19:00Z,,0.76753,0.76749,0.76754,0.76752,0.76743,0.76739,0.76744,0.7674,-1
2017-02-02T12:20:00Z,,0.76744,0.7674,0.76764,0.76762,0.76744,0.7674,0.76755,0.76751,-1
2017-02-02T12:21:00Z,,0.76755,0.76751,0.76755,0.76752,0.76731,0.7673,0.76734,0.76731,-1
2017-02-02T12:22:00Z,,0.76734,0.76731,0.76765,0.76763,0.76734,0.76731,0.76763,0.76759,-1
2017-02-02T12:23:00Z,,0.76763,0.76759,0.76765,0.76764,0.76755,0.76752,0.76755,0.76753,-1
2017-02-02T12:24:00Z,,0.76755,0.76753,0.7676,0.76759,0.76742,0.7674,0.7676,0.76759,-1
2017-02-02T12:25:00Z,,0.7676,0.76759,0.7676,0.76759,0.76742,0.76739,0.76743,0.76741,-1
2017-02-02T12:26:00Z,,0.76743,0.76741,0.76746,0.76741,0.76738,0.76735,0.76742,0.76739,-1
2017-02-02T12:27:00Z,,0.76742,0.76739,0.76745,0.76742,0.76727,0.76726,0.76733,0.76731,-1
2017-02-02T12:28:00Z,,0.76733,0.76731,0.7677,0.76769,0.7673,0.76729,0.76766,0.76763,-1
2017-02-02T12:29:00Z,,0.76766,0.76763,0.76776,0.76775,0.76759,0.76758,0.76771,0.76769,-1
2017-02-02T12:30:00Z,,0.76771,0.76769,0.76799,0.76796,0.76767,0.76766,0.76793,0.76791,-1
2017-02-02T12:31:00Z,,0.76793,0.76791,0.76793,0.76791,0.76766,0.76763,0.76769,0.76764,-1
2017-02-02T12:32:00Z,,0.76769,0.76764,0.76772,0.76769,0.76754,0.76752,0.76761,0.76757,-1
2017-02-02T12:33:00Z,,0.76761,0.76757,0.76773,0.7677,0.76752,0.7675,0.76771,0.76768,-1
2017-02-02T12:34:00Z,,0.76771,0.76768,0.76782,0.76779,0.76767,0.76766,0.76778,0.76777,-1
2017-02-02T12:35:00Z,,0.76778,0.76777,0.76791,0.7679,0.76778,0.76776,0.7678,0.76777,-1
2017-02-02T12:36:00Z,,0.7678,0.76777,0.76783,0.76781,0.7677,0.76767,0.76773,0.76771,-1
2017-02-02T12:37:00Z,,0.76773,0.76771,0.76774,0.76771,0.76757,0.76755,0.76764,0.76762,-1
2017-02-02T12:38:00Z,,0.76764,0.76762,0.76774,0.76773,0.76763,0.76761,0.76774,0.76772,-1
2017-02-02T12:39:00Z,,0.76774,0.76772,0.76774,0.76772,0.76756,0.76752,0.76762,0.76759,-1
2017-02-02T12:40:00Z,,0.76762,0.76759,0.7678,0.76776,0.76762,0.76759,0.76766,0.76763,-1
2017-02-02T12:41:00Z,,0.76766,0.76763,0.76771,0.76767,0.76756,0.76754,0.76758,0.76755,-1
2017-02-02T12:42:00Z,,0.76758,0.76755,0.76759,0.76757,0.76742,0.76739,0.76742,0.76739,-1
2017-02-02T12:43:00Z,,0.76742,0.76739,0.76751,0.76748,0.76734,0.7673,0.76746,0.76743,-1
2017-02-02T12:44:00Z,,0.76746,0.76743,0.7675,0.76747,0.76732,0.7673,0.7675,0.76747,-1
2017-02-02T12:45:00Z,,0.7675,0.76747,0.76758,0.76756,0.76747,0.76744,0.76749,0.76748,-1
2017-02-02T12:46:00Z,,0.76749,0.76748,0.76771,0.7677,0.76741,0.7674,0.76771,0.76769,-1
2017-02-02T12:47:00Z,,0.76771,0.76769,0.76787,0.76786,0.76768,0.76765,0.76784,0.7678,-1
2017-02-02T12:48:00Z,,0.76784,0.7678,0.76838,0.76837,0.76778,0.76775,0.76819,0.76817,-1
2017-02-02T12:49:00Z,,0.76819,0.76817,0.76836,0.76832,0.76815,0.76812,0.76824,0.7682,-1
2017-02-02T12:50:00Z,,0.76824,0.7682,0.76862,0.76859,0.76822,0.76819,0.76854,0.76851,-1
2017-02-02T12:51:00Z,,0.76854,0.76851,0.76857,0.76855,0.7683,0.76827,0.7683,0.76827,-1
2017-02-02T12:52:00Z,,0.7683,0.76827,0.76834,0.76833,0.76826,0.76824,0.76831,0.76829,-1
2017-02-02T12:53:00Z,,0.76831,0.76829,0.76831,0.76829,0.76811,0.7681,0.76829,0.76827,-1
2017-02-02T12:54:00Z,,0.76829,0.76827,0.7683,0.76829,0.76818,0.76817,0.76818,0.76817,-1
2017-02-02T12:55:00Z,,0.76818,0.76817,0.76829,0.76828,0.76814,0.76813,0.76825,0.76823,-1
2017-02-02T12:56:00Z,,0.76825,0.76823,0.76825,0.76823,0.76813,0.76811,0.76814,0.76811,-1
2017-02-02T12:57:00Z,,0.76814,0.76811,0.76835,0.76832,0.76801,0.768,0.76814,0.76811,-1
2017-02-02T12:58:00Z,,0.76814,0.76811,0.76833,0.7683,0.7681,0.76807,0.76822,0.76818,-1
2017-02-02T12:59:00Z,,0.76822,0.76818,0.76826,0.76823,0.76806,0.76803,0.76812,0.7681,-1
2017-02-02T13:00:00Z,,0.76812,0.7681,0.76819,0.76818,0.76795,0.76792,0.76819,0.76818,-1
2017-02-02T13:01:00Z,,0.76819,0.76818,0.76876,0.76873,0.76819,0.76818,0.76863,0.7686,-1
2017-02-02T13:02:00Z,,0.76863,0.7686,0.76872,0.7687,0.76839,0.76837,0.7684,0.76837,-1
2017-02-02T13:03:00Z,,0.7684,0.76837,0.76863,0.76859,0.7684,0.76837,0.76861,0.76858,-1
2017-02-02T13:04:00Z,,0.76861,0.76858,0.76875,0.76872,0.76857,0.76855,0.76872,0.76871,-1
2017-02-02T13:05:00Z,,0.76872,0.76871,0.76878,0.76877,0.76866,0.76863,0.76871,0.76867,-1
2017-02-02T13:06:00Z,,0.76871,0.76867,0.76875,0.76874,0.76864,0.7686,0.76868,0.76865,-1
2017-02-02T13:07:00Z,,0.76868,0.76865,0.76879,0.76877,0.7686,0.76857,0.76871,0.76868,-1
2017-02-02T13:08:00Z,,0.76871,0.76868,0.76872,0.7687,0.76861,0.76857,0.76867,0.76864,-1
2017-02-02T13:09:00Z,,0.76867,0.76864,0.76874,0.76871,0.76854,0.76852,0.76873,0.7687,-1
2017-02-02T13:10:00Z,,0.76873,0.7687,0.76879,0.76877,0.76859,0.76855,0.76862,0.76858,-1
2017-02-02T13:11:00Z,,0.76862,0.76858,0.76867,0.76865,0.76861,0.76858,0.76863,0.76861,-1
2017-02-02T13:12:00Z,,0.76863,0.76861,0.76865,0.76861,0.76852,0.7685,0.76862,0.76859,-1
2017-02-02T13:13:00Z,,0.76862,0.76859,0.76873,0.76872,0.76854,0.76851,0.76864,0.76863,-1
2017-02-02T13:14:00Z,,0.76864,0.76863,0.76873,0.7687,0.76863,0.76861,0.76872,0.76869,-1
2017-02-02T13:15:00Z,,0.76872,0.76869,0.76896,0.76893,0.7687,0.76868,0.76877,0.76875,-1
2017-02-02T13:16:00Z,,0.76877,0.76875,0.76885,0.76883,0.76859,0.76857,0.76859,0.76858,-1
2017-02-02T13:17:00Z,,0.76859,0.76858,0.76874,0.76873,0.7684,0.76839,0.76874,0.76871,-1
2017-02-02T13:18:00Z,,0.76874,0.76871,0.76874,0.76872,0.7686,0.76857,0.76864,0.76862,-1
2017-02-02T13:19:00Z,,0.76864,0.76862,0.76878,0.76874,0.76859,0.76857,0.76862,0.7686,-1
2017-02-02T13:20:00Z,,0.76862,0.7686,0.76895,0.76894,0.76861,0.76858,0.76893,0.7689,-1
2017-02-02T13:21:00Z,,0.76893,0.7689,0.76903,0.769,0.76879,0.76875,0.76888,0.76884,-1
2017-02-02T13:22:00Z,,0.76888,0.76884,0.76895,0.76893,0.76878,0.76875,0.76879,0.76878,-1
2017-02-02T13:23:00Z,,0.76879,0.76878,0.76894,0.76893,0.76874,0.76873,0.76889,0.76887,-1
2017-02-02T13:24:00Z,,0.76889,0.76887,0.76944,0.76942,0.76886,0.76883,0.76944,0.76942,-1
2017-02-02T13:25:00Z,,0.76944,0.76942,0.76944,0.76942,0.76923,0.7692,0.76923,0.7692,-1
2017-02-02T13:26:00Z,,0.76923,0.7692,0.76932,0.76929,0.76916,0.76915,0.76921,0.7692,-1
2017-02-02T13:27:00Z,,0.76921,0.7692,0.76924,0.76921,0.76909,0.76905,0.7691,0.76909,-1
2017-02-02T13:28:00Z,,0.7691,0.76909,0.76914,0.7691,0.76905,0.76902,0.76908,0.76906,-1
2017-02-02T13:29:00Z,,0.76908,0.76906,0.76908,0.76906,0.7688,0.76873,0.76884,0.7688,-1
2017-02-02T13:30:00Z,,0.76884,0.7688,0.7693,0.76929,0.76877,0.76875,0.7693,0.76927,-1
2017-02-02T13:31:00Z,,0.7693,0.76927,0.76934,0.7693,0.76864,0.76862,0.76893,0.76889,-1
2017-02-02T13:32:00Z,,0.76893,0.76889,0.76901,0.76899,0.76869,0.76867,0.76887,0.76886,-1
2017-02-02T13:33:00Z,,0.76887,0.76886,0.76901,0.76898,0.76871,0.76869,0.7689,0.76887,-1
2017-02-02T13:34:00Z,,0.7689,0.76887,0.76902,0.76899,0.76887,0.76884,0.76892,0.76888,-1
2017-02-02T13:35:00Z,,0.76892,0.76888,0.76901,0.76898,0.76882,0.76879,0.76897,0.76896,-1
2017-02-02T13:36:00Z,,0.76897,0.76896,0.769,0.76898,0.76865,0.76861,0.76871,0.7687,-1
2017-02-02T13:37:00Z,,0.76871,0.7687,0.76874,0.76872,0.76855,0.76852,0.76873,0.76872,-1
2017-02-02T13:38:00Z,,0.76873,0.76872,0.76883,0.76882,0.76863,0.7686,0.76872,0.7687,-1
2017-02-02T13:39:00Z,,0.76872,0.7687,0.76919,0.76917,0.76859,0.76857,0.76916,0.76915,-1
2017-02-02T13:40:00Z,,0.76916,0.76915,0.76934,0.76932,0.76893,0.76891,0.769,0.76896,-1
2017-02-02T13:41:00Z,,0.769,0.76896,0.76914,0.76912,0.7689,0.76889,0.76891,0.76889,-1
2017-02-02T13:42:00Z,,0.76891,0.76889,0.76903,0.76901,0.76889,0.76887,0.76901,0.76899,-1
2017-02-02T13:43:00Z,,0.76901,0.76899,0.76923,0.7692,0.76893,0.7689,0.76901,0.76897,-1
2017-02-02T13:44:00Z,,0.76901,0.76897,0.76921,0.76918,0.76899,0.76897,0.76913,0.7691,-1
2017-02-02T13:45:00Z,,0.76913,0.7691,0.76921,0.76918,0.76906,0.76904,0.76909,0.76908,-1
2017-02-02T13:46:00Z,,0.76909,0.76908,0.7692,0.76917,0.76891,0.76888,0.76913,0.76912,-1
2017-02-02T13:47:00Z,,0.76913,0.76912,0.76962,0.76959,0.76911,0.76909,0.76956,0.76955,-1
2017-02-02T13:48:00Z,,0.76956,0.76955,0.76962,0.76961,0.76918,0.76915,0.76919,0.76916,-1
2017-02-02T13:49:00Z,,0.76919,0.76916,0.76923,0.76921,0.76901,0.76896,0.76913,0.76908,-1
2017-02-02T13:50:00Z,,0.76913,0.76908,0.76943,0.76941,0.7691,0.76908,0.76939,0.76937,-1
2017-02-02T13:51:00Z,,0.76939,0.76937,0.76941,0.76939,0.76905,0.76903,0.76905,0.76903,-1
2017-02-02T13:52:00Z,,0.76905,0.76903,0.76905,0.76903,0.7687,0.76869,0.76894,0.7689,-1
2017-02-02T13:53:00Z,,0.76894,0.7689,0.76897,0.76895,0.76854,0.76851,0.76861,0.76858,-1
2017-02-02T13:54:00Z,,0.76861,0.76858,0.76867,0.76864,0.76844,0.7684,0.76857,0.76852,-1
2017-02-02T13:55:00Z,,0.76857,0.76852,0.76857,0.76853,0.7683,0.76827,0.76843,0.7684,-1
2017-02-02T13:56:00Z,,0.76843,0.7684,0.76847,0.76844,0.76825,0.76822,0.76835,0.76832,-1
2017-02-02T13:57:00Z,,0.76835,0.76832,0.76845,0.76843,0.76819,0.76817,0.76821,0.76817,-1
2017-02-02T13:58:00Z,,0.76821,0.76817,0.76864,0.7686,0.7682,0.76816,0.76861,0.76857,-1
2017-02-02T13:59:00Z,,0.76861,0.76857,0.76866,0.76864,0.76854,0.7685,0.76865,0.76864,-1
2017-02-02T14:00:00Z,,0.76865,0.76864,0.76876,0.76874,0.76854,0.76851,0.76858,0.76855,-1
2017-02-02T14:01:00Z,,0.76858,0.76855,0.76863,0.76861,0.76824,0.76822,0.76824,0.76822,-1
2017-02-02T14:02:00Z,,0.76824,0.76822,0.76841,0.76839,0.76822,0.76819,0.76831,0.76827,-1
2017-02-02T14:03:00Z,,0.76831,0.76827,0.76844,0.7684,0.76825,0.76822,0.76832,0.7683,-1
2017-02-02T14:04:00Z,,0.76832,0.7683,0.76836,0.76832,0.7682,0.76817,0.76821,0.76819,-1
2017-02-02T14:05:00Z,,0.76821,0.76819,0.76832,0.76828,0.76807,0.76804,0.76811,0.7681,-1
2017-02-02T14:06:00Z,,0.76811,0.7681,0.76822,0.76819,0.768,0.76798,0.76817,0.76813,-1
2017-02-02T14:07:00Z,,0.76817,0.76813,0.76817,0.76813,0.76797,0.76795,0.7681,0.76808,-1
2017-02-02T14:08:00Z,,0.7681,0.76808,0.76825,0.76823,0.76806,0.76803,0.76823,0.76821,-1
2017-02-02T14:09:00Z,,0.76823,0.76821,0.76824,0.76822,0.76806,0.76803,0.76815,0.76813,-1
2017-02-02T14:10:00Z,,0.76815,0.76813,0.76827,0.76824,0.76806,0.76803,0.76808,0.76804,-1
2017-02-02T14:11:00Z,,0.76808,0.76804,0.76812,0.7681,0.76793,0.76789,0.76808,0.76804,-1
2017-02-02T14:12:00Z,,0.76808,0.76804,0.76815,0.76814,0.76801,0.768,0.76801,0.768,-1
2017-02-02T14:13:00Z,,0.76801,0.768,0.76807,0.76804,0.76783,0.76782,0.76806,0.76803,-1
2017-02-02T14:14:00Z,,0.76806,0.76803,0.76827,0.76824,0.76804,0.76801,0.76821,0.76819,-1
2017-02-02T14:15:00Z,,0.76821,0.76819,0.7684,0.76837,0.76817,0.76816,0.76829,0.76827,-1
2017-02-02T14:16:00Z,,0.76829,0.76827,0.76833,0.7683,0.76809,0.76807,0.76811,0.76807,-1
2017-02-02T14:17:00Z,,0.76811,0.76807,0.76828,0.76825,0.7681,0.76807,0.76821,0.76817,-1
2017-02-02T14:18:00Z,,0.76821,0.76817,0.76823,0.7682,0.768,0.76797,0.76802,0.76799,-1
2017-02-02T14:19:00Z,,0.76802,0.76799,0.76817,0.76814,0.76792,0.76789,0.76815,0.76813,-1
2017-02-02T14:20:00Z,,0.76815,0.76813,0.76836,0.76833,0.76813,0.7681,0.76832,0.76829,-1
2017-02-02T14:21:00Z,,0.76832,0.76829,0.76834,0.76833,0.76823,0.76822,0.76832,0.7683,-1
2017-02-02T14:22:00Z,,0.76832,0.7683,0.76841,0.76838,0.76822,0.76819,0.76831,0.7683,-1
2017-02-02T14:23:00Z,,0.76831,0.7683,0.7684,0.76838,0.76822,0.7682,0.76823,0.76821,-1
2017-02-02T14:24:00Z,,0.76823,0.76821,0.76829,0.76825,0.76797,0.76795,0.76811,0.76809,-1
2017-02-02T14:25:00Z,,0.76811,0.76809,0.76819,0.76817,0.76809,0.76808,0.76818,0.76817,-1
2017-02-02T14:26:00Z,,0.76818,0.76817,0.7685,0.76848,0.76818,0.76816,0.76846,0.76845,-1
2017-02-02T14:27:00Z,,0.76846,0.76845,0.76854,0.76853,0.76842,0.76841,0.76845,0.76843,-1
2017-02-02T14:28:00Z,,0.76845,0.76843,0.76845,0.76844,0.76821,0.76819,0.76822,0.76819,-1
2017-02-02T14:29:00Z,,0.76822,0.76819,0.76832,0.7683,0.76811,0.76809,0.76832,0.7683,-1
2017-02-02T14:30:00Z,,0.76832,0.7683,0.76863,0.76861,0.76832,0.7683,0.76863,0.76861,-1
2017-02-02T14:31:00Z,,0.76863,0.76861,0.76894,0.76892,0.76857,0.76856,0.76891,0.76889,-1
2017-02-02T14:32:00Z,,0.76891,0.76889,0.76903,0.76902,0.76888,0.76886,0.76896,0.76894,-1
2017-02-02T14:33:00Z,,0.76896,0.76894,0.769,0.76898,0.7689,0.76888,0.76892,0.76891,-1
2017-02-02T14:34:00Z,,0.76892,0.76891,0.769,0.76898,0.76873,0.76871,0.76886,0.76885,-1
2017-02-02T14:35:00Z,,0.76886,0.76885,0.76892,0.76891,0.7688,0.76878,0.7688,0.76878,-1
2017-02-02T14:36:00Z,,0.7688,0.76878,0.76891,0.76888,0.7687,0.76868,0.76873,0.7687,-1
2017-02-02T14:37:00Z,,0.76873,0.7687,0.76875,0.76873,0.76863,0.76862,0.76871,0.76869,-1
2017-02-02T14:38:00Z,,0.76871,0.76869,0.76882,0.7688,0.7685,0.76848,0.76853,0.7685,-1
2017-02-02T14:39:00Z,,0.76853,0.7685,0.76862,0.7686,0.76845,0.76844,0.76845,0.76844,-1
2017-02-02T14:40:00Z,,0.76845,0.76844,0.76859,0.76857,0.76845,0.76844,0.76851,0.7685,-1
2017-02-02T14:41:00Z,,0.76851,0.7685,0.76886,0.76884,0.76851,0.76849,0.76883,0.76881,-1
2017-02-02T14:42:00Z,,0.76883,0.76881,0.76889,0.76886,0.76869,0.76867,0.76869,0.76868,-1
2017-02-02T14:43:00Z,,0.76869,0.76868,0.76895,0.76893,0.76869,0.76868,0.76883,0.7688,-1
2017-02-02T14:44:00Z,,0.76883,0.7688,0.76894,0.76892,0.76881,0.76879,0.76892,0.76889,-1
2017-02-02T14:45:00Z,,0.76892,0.76889,0.76902,0.769,0.76883,0.76881,0.76894,0.76892,-1
2017-02-02T14:46:00Z,,0.76894,0.76892,0.76902,0.769,0.76886,0.76883,0.76892,0.76889,-1
2017-02-02T14:47:00Z,,0.76892,0.76889,0.76892,0.7689,0.76881,0.76878,0.76886,0.76884,-1
2017-02-02T14:48:00Z,,0.76886,0.76884,0.76892,0.7689,0.76876,0.76874,0.76892,0.7689,-1
2017-02-02T14:49:00Z,,0.76892,0.7689,0.76906,0.76903,0.76885,0.76884,0.76891,0.76888,-1
2017-02-02T14:50:00Z,,0.76891,0.76888,0.76895,0.76893,0.76881,0.7688,0.76892,0.76891,-1
2017-02-02T14:51:00Z,,0.76892,0.76891,0.76918,0.76917,0.76892,0.7689,0.76903,0.76901,-1
2017-02-02T14:52:00Z,,0.76903,0.76901,0.76913,0.76912,0.76901,0.769,0.76903,0.76902,-1
2017-02-02T14:53:00Z,,0.76903,0.76902,0.76913,0.76911,0.76886,0.76883,0.76913,0.76911,-1
2017-02-02T14:54:00Z,,0.76913,0.76911,0.76913,0.76912,0.76898,0.76896,0.76912,0.76909,-1
2017-02-02T14:55:00Z,,0.76912,0.76909,0.76914,0.76912,0.76872,0.76869,0.76874,0.7687,-1
2017-02-02T14:56:00Z,,0.76874,0.7687,0.76915,0.76912,0.76871,0.76869,0.76912,0.76909,-1
2017-02-02T14:57:00Z,,0.76912,0.76909,0.76927,0.76926,0.76905,0.76903,0.76925,0.76924,-1
2017-02-02T14:58:00Z,,0.76925,0.76924,0.76936,0.76935,0.76914,0.76913,0.76923,0.76922,-1
2017-02-02T14:59:00Z,,0.76923,0.76922,0.76942,0.7694,0.76921,0.7692,0.76931,0.7693,-1
2017-02-02T15:00:00Z,,0.76931,0.7693,0.7694,0.76939,0.76917,0.76915,0.76938,0.76937,-1
2017-02-02T15:01:00Z,,0.76938,0.76937,0.76938,0.76937,0.76921,0.7692,0.76933,0.7693,-1
2017-02-02T15:02:00Z,,0.76933,0.7693,0.76944,0.76942,0.7693,0.76928,0.76942,0.76939,-1
2017-02-02T15:03:00Z,,0.76942,0.76939,0.7696,0.76959,0.76935,0.76934,0.7694,0.76938,-1
2017-02-02T15:04:00Z,,0.7694,0.76938,0.76945,0.76943,0.76934,0.76932,0.76943,0.7694,-1
2017-02-02T15:05:00Z,,0.76943,0.7694,0.76951,0.76948,0.7693,0.76927,0.76932,0.7693,-1
2017-02-02T15:06:00Z,,0.76932,0.7693,0.76932,0.7693,0.76904,0.76903,0.76904,0.76903,-1
2017-02-02T15:07:00Z,,0.76904,0.76903,0.76912,0.76911,0.769,0.76898,0.76901,0.769,-1
2017-02-02T15:08:00Z,,0.76901,0.769,0.76913,0.76911,0.76898,0.76897,0.76904,0.76901,-1
2017-02-02T15:09:00Z,,0.76904,0.76901,0.76912,0.7691,0.76892,0.76891,0.76894,0.76891,-1
2017-02-02T15:10:00Z,,0.76894,0.76891,0.76902,0.76901,0.76873,0.76871,0.76881,0.76879,-1
2017-02-02T15:11:00Z,,0.76881,0.76879,0.7689,0.76888,0.76869,0.76867,0.76881,0.76878,-1
2017-02-02T15:12:00Z,,0.76881,0.76878,0.76882,0.7688,0.76869,0.76867,0.76869,0.76867,-1
2017-02-02T15:13:00Z,,0.76869,0.76867,0.76872,0.76871,0.76861,0.76857,0.76871,0.7687,-1
2017-02-02T15:14:00Z,,0.76871,0.7687,0.76871,0.7687,0.76853,0.76851,0.76856,0.76855,-1
2017-02-02T15:15:00Z,,0.76856,0.76855,0.76857,0.76855,0.76838,0.76835,0.7685,0.76849,-1
2017-02-02T15:16:00Z,,0.7685,0.76849,0.76855,0.76853,0.76835,0.76834,0.76841,0.76839,-1
2017-02-02T15:17:00Z,,0.76841,0.76839,0.76842,0.76839,0.76819,0.76817,0.76821,0.7682,-1
2017-02-02T15:18:00Z,,0.76821,0.7682,0.76855,0.76853,0.7682,0.76817,0.76847,0.76845,-1
2017-02-02T15:19:00Z,,0.76847,0.76845,0.7686,0.76858,0.76841,0.7684,0.76849,0.76846,-1
2017-02-02T15:20:00Z,,0.76849,0.76846,0.76852,0.7685,0.76842,0.76841,0.76851,0.7685,-1
2017-02-02T15:21:00Z,,0.76851,0.7685,0.76859,0.76857,0.76841,0.76839,0.76842,0.76841,-1
2017-02-02T15:22:00Z,,0.76842,0.76841,0.7685,0.76849,0.7683,0.76828,0.76842,0.76841,-1
2017-02-02T15:23:00Z,,0.76842,0.76841,0.76843,0.76841,0.76828,0.76827,0.76842,0.76839,-1
2017-02-02T15:24:00Z,,0.76842,0.76839,0.76851,0.76848,0.76841,0.76839,0.76843,0.76841,-1
2017-02-02T15:25:00Z,,0.76843,0.76841,0.76856,0.76854,0.7684,0.76837,0.76841,0.7684,-1
2017-02-02T15:26:00Z,,0.76841,0.7684,0.76852,0.76849,0.76835,0.76834,0.76852,0.76849,-1
2017-02-02T15:27:00Z,,0.76852,0.76849,0.76856,0.76853,0.76833,0.7683,0.76842,0.7684,-1
2017-02-02T15:28:00Z,,0.76842,0.7684,0.76844,0.76842,0.76834,0.76831,0.76841,0.76839,-1
2017-02-02T15:29:00Z,,0.76841,0.76839,0.76843,0.7684,0.76832,0.7683,0.76832,0.7683,-1
2017-02-02T15:30:00Z,,0.76832,0.7683,0.76833,0.7683,0.76819,0.76818,0.7683,0.76829,-1
2017-02-02T15:31:00Z,,0.7683,0.76829,0.76832,0.76831,0.7682,0.76818,0.76822,0.76821,-1
2017-02-02T15:32:00Z,,0.76822,0.76821,0.76834,0.76831,0.7682,0.76819,0.76832,0.76829,-1
2017-02-02T15:33:00Z,,0.76832,0.76829,0.76851,0.76848,0.76831,0.76829,0.76846,0.76844,-1
2017-02-02T15:34:00Z,,0.76846,0.76844,0.76851,0.76848,0.76841,0.7684,0.76842,0.76841,-1
2017-02-02T15:35:00Z,,0.76842,0.76841,0.76862,0.76861,0.76841,0.76839,0.76862,0.76861,-1
2017-02-02T15:36:00Z,,0.76862,0.76861,0.76862,0.76861,0.76848,0.76845,0.76849,0.76846,-1
2017-02-02T15:37:00Z,,0.76849,0.76846,0.76851,0.76849,0.76833,0.76831,0.76842,0.76839,-1
2017-02-02T15:38:00Z,,0.76842,0.76839,0.76847,0.76846,0.76819,0.76817,0.76843,0.76842,-1
2017-02-02T15:39:00Z,,0.76843,0.76842,0.76849,0.76847,0.76812,0.7681,0.76814,0.76811,-1
2017-02-02T15:40:00Z,,0.76814,0.76811,0.76824,0.76823,0.76805,0.76802,0.76807,0.76806,-1
2017-02-02T15:41:00Z,,0.76807,0.76806,0.76815,0.76814,0.768,0.76798,0.7681,0.76808,-1
2017-02-02T15:42:00Z,,0.7681,0.76808,0.76811,0.76808,0.76798,0.76796,0.76803,0.768,-1
2017-02-02T15:43:00Z,,0.76803,0.768,0.76805,0.76802,0.7678,0.76779,0.76783,0.7678,-1
2017-02-02T15:44:00Z,,0.76783,0.7678,0.76795,0.7679,0.76779,0.76778,0.7679,0.76788,-1
2017-02-02T15:45:00Z,,0.7679,0.76788,0.76803,0.768,0.76778,0.76776,0.768,0.76798,-1
2017-02-02T15:46:00Z,,0.768,0.76798,0.768,0.76799,0.76781,0.7678,0.768,0.76797,-1
2017-02-02T15:47:00Z,,0.768,0.76797,0.76801,0.76798,0.76787,0.76786,0.76791,0.76787,-1
2017-02-02T15:48:00Z,,0.76791,0.76787,0.76803,0.768,0.76788,0.76785,0.76799,0.76795,-1
2017-02-02T15:49:00Z,,0.76799,0.76795,0.768,0.76797,0.76789,0.76786,0.76789,0.76787,-1
2017-02-02T15:50:00Z,,0.76789,0.76787,0.7679,0.76788,0.76774,0.76772,0.76787,0.76786,-1
2017-02-02T15:51:00Z,,0.76787,0.76786,0.7679,0.76788,0.76768,0.76765,0.76769,0.76768,-1
2017-02-02T15:52:00Z,,0.76769,0.76768,0.7678,0.76778,0.76768,0.76766,0.76779,0.76778,-1
2017-02-02T15:53:00Z,,0.76779,0.76778,0.76783,0.76779,0.76779,0.76775,0.76783,0.76779,-1
2017-02-02T15:54:00Z,,0.76783,0.76779,0.76783,0.76779,0.76772,0.76769,0.76778,0.76777,-1
2017-02-02T15:55:00Z,,0.76778,0.76777,0.7678,0.76778,0.76773,0.7677,0.76778,0.76775,-1
2017-02-02T15:56:00Z,,0.76778,0.76775,0.76778,0.76775,0.76764,0.76763,0.76769,0.76766,-1
2017-02-02T15:57:00Z,,0.76769,0.76766,0.76791,0.76789,0.76764,0.76763,0.76779,0.76776,-1
2017-02-02T15:58:00Z,,0.76779,0.76776,0.76782,0.7678,0.76767,0.76766,0.76768,0.76766,-1
2017-02-02T15:59:00Z,,0.76768,0.76766,0.76779,0.76777,0.76768,0.76766,0.76778,0.76776,-1
2017-02-02T16:00:00Z,,0.76778,0.76776,0.76787,0.76785,0.76765,0.76763,0.76779,0.76777,-1
2017-02-02T16:01:00Z,,0.76779,0.76777,0.76781,0.7678,0.76761,0.7676,0.76769,0.76768,-1
2017-02-02T16:02:00Z,,0.76769,0.76768,0.76771,0.76769,0.76757,0.76756,0.76759,0.76757,-1
2017-02-02T16:03:00Z,,0.76759,0.76757,0.76782,0.7678,0.76757,0.76755,0.76782,0.7678,-1
2017-02-02T16:04:00Z,,0.76782,0.7678,0.76796,0.76794,0.76781,0.7678,0.76795,0.76794,-1
2017-02-02T16:05:00Z,,0.76795,0.76794,0.76804,0.76802,0.76794,0.76792,0.76802,0.76801,-1
2017-02-02T16:06:00Z,,0.76802,0.76801,0.76813,0.76811,0.76799,0.76798,0.76807,0.76806,-1
2017-02-02T16:07:00Z,,0.76807,0.76806,0.76812,0.76811,0.76805,0.76802,0.76805,0.76802,-1
2017-02-02T16:08:00Z,,0.76805,0.76802,0.76806,0.76804,0.76774,0.76772,0.76776,0.76775,-1
2017-02-02T16:09:00Z,,0.76776,0.76775,0.76788,0.76786,0.76773,0.76772,0.76782,0.7678,-1
2017-02-02T16:10:00Z,,0.76782,0.7678,0.76783,0.76781,0.76764,0.76763,0.76781,0.76778,-1
2017-02-02T16:11:00Z,,0.76781,0.76778,0.76786,0.76784,0.76773,0.76772,0.76785,0.76782,-1
2017-02-02T16:12:00Z,,0.76785,0.76782,0.76785,0.76784,0.76764,0.76762,0.76772,0.76769,-1
2017-02-02T16:13:00Z,,0.76772,0.76769,0.76772,0.76769,0.76728,0.76724,0.76739,0.76736,-1
2017-02-02T16:14:00Z,,0.76739,0.76736,0.7675,0.76747,0.76732,0.76728,0.76733,0.76729,-1
2017-02-02T16:15:00Z,,0.76733,0.76729,0.7674,0.76737,0.76713,0.7671,0.76713,0.7671,-1
2017-02-02T16:16:00Z,,0.76713,0.7671,0.76714,0.76711,0.76678,0.76676,0.7668,0.76676,-1
2017-02-02T16:17:00Z,,0.7668,0.76676,0.76685,0.76684,0.76661,0.76658,0.76685,0.76684,-1
2017-02-02T16:18:00Z,,0.76685,0.76684,0.76686,0.76684,0.76669,0.76667,0.76672,0.76668,-1
2017-02-02T16:19:00Z,,0.76672,0.76668,0.76682,0.76679,0.76668,0.76667,0.7668,0.76679,-1
2017-02-02T16:20:00Z,,0.7668,0.76679,0.76682,0.76679,0.76659,0.76658,0.76661,0.7666,-1
2017-02-02T16:21:00Z,,0.76661,0.7666,0.76663,0.76662,0.76641,0.76639,0.76643,0.7664,-1
2017-02-02T16:22:00Z,,0.76643,0.7664,0.76673,0.7667,0.76633,0.76631,0.7667,0.76669,-1
2017-02-02T16:23:00Z,,0.7667,0.76669,0.76681,0.7668,0.7667,0.76669,0.76679,0.76678,-1
2017-02-02T16:24:00Z,,0.76679,0.76678,0.76682,0.76681,0.76673,0.76671,0.7668,0.76679,-1
2017-02-02T16:25:00Z,,0.7668,0.76679,0.76693,0.76689,0.76673,0.76671,0.76692,0.76689,-1
2017-02-02T16:26:00Z,,0.76692,0.76689,0.76726,0.76723,0.76692,0.76689,0.76723,0.76722,-1
2017-02-02T16:27:00Z,,0.76723,0.76722,0.76727,0.76724,0.76713,0.76711,0.76717,0.76714,-1
2017-02-02T16:28:00Z,,0.76717,0.76714,0.76724,0.76722,0.76712,0.76711,0.76714,0.76712,-1
2017-02-02T16:29:00Z,,0.76714,0.76712,0.76731,0.76728,0.76713,0.76712,0.76727,0.76724,-1
2017-02-02T16:30:00Z,,0.76727,0.76724,0.76735,0.76731,0.76721,0.76719,0.76726,0.76723,-1
2017-02-02T16:31:00Z,,0.76726,0.76723,0.76738,0.76736,0.76725,0.76723,0.76736,0.76734,-1
2017-02-02T16:32:00Z,,0.76736,0.76734,0.76738,0.76736,0.76722,0.76721,0.76726,0.76724,-1
2017-02-02T16:33:00Z,,0.76726,0.76724,0.76736,0.76733,0.76723,0.76721,0.76732,0.76731,-1
2017-02-02T16:34:00Z,,0.76732,0.76731,0.76736,0.76734,0.76731,0.7673,0.76736,0.76734,-1
2017-02-02T16:35:00Z,,0.76736,0.76734,0.76743,0.76742,0.76731,0.76729,0.76733,0.76731,-1
2017-02-02T16:36:00Z,,0.76733,0.76731,0.76738,0.76735,0.76732,0.76731,0.76735,0.76732,-1
2017-02-02T16:37:00Z,,0.76735,0.76732,0.7674,0.76737,0.76731,0.7673,0.76734,0.76733,-1
2017-02-02T16:38:00Z,,0.76734,0.76733,0.76734,0.76733,0.7672,0.76719,0.76723,0.7672,-1
2017-02-02T16:39:00Z,,0.76723,0.7672,0.76733,0.76731,0.76718,0.76716,0.76721,0.7672,-1
2017-02-02T16:40:00Z,,0.76721,0.7672,0.7673,0.76728,0.76721,0.76719,0.76723,0.76721,-1
2017-02-02T16:41:00Z,,0.76723,0.76721,0.76738,0.76736,0.76723,0.76721,0.76735,0.76732,-1
2017-02-02T16:42:00Z,,0.76735,0.76732,0.76735,0.76733,0.76722,0.76719,0.76724,0.76721,-1
2017-02-02T16:43:00Z,,0.76724,0.76721,0.76725,0.76723,0.7672,0.76718,0.76724,0.76721,-1
2017-02-02T16:44:00Z,,0.76724,0.76721,0.76731,0.76729,0.76721,0.76718,0.76721,0.76719,-1
2017-02-02T16:45:00Z,,0.76721,0.76719,0.76735,0.76731,0.76719,0.76718,0.7672,0.76718,-1
2017-02-02T16:46:00Z,,0.7672,0.76718,0.76727,0.76726,0.76719,0.76718,0.7672,0.76718,-1
2017-02-02T16:47:00Z,,0.7672,0.76718,0.76731,0.7673,0.7672,0.76718,0.76729,0.76727,-1
2017-02-02T16:48:00Z,,0.76729,0.76727,0.76729,0.76727,0.76716,0.76715,0.76723,0.7672,-1
2017-02-02T16:49:00Z,,0.76723,0.7672,0.76731,0.7673,0.76722,0.7672,0.76725,0.76724,-1
2017-02-02T16:50:00Z,,0.76725,0.76724,0.76738,0.76736,0.76721,0.7672,0.76731,0.76729,-1
2017-02-02T16:51:00Z,,0.76731,0.76729,0.76749,0.76747,0.76722,0.76719,0.76749,0.76747,-1
2017-02-02T16:52:00Z,,0.76749,0.76747,0.76761,0.7676,0.76742,0.7674,0.76751,0.76749,-1
2017-02-02T16:53:00Z,,0.76751,0.76749,0.76752,0.7675,0.7674,0.76737,0.76743,0.76742,-1
2017-02-02T16:54:00Z,,0.76743,0.76742,0.76743,0.76742,0.7673,0.76727,0.76731,0.76728,-1
2017-02-02T16:55:00Z,,0.76731,0.76728,0.76734,0.76732,0.76723,0.76721,0.7673,0.76728,-1
2017-02-02T16:56:00Z,,0.7673,0.76728,0.76735,0.76734,0.76722,0.7672,0.76722,0.7672,-1
2017-02-02T16:57:00Z,,0.76722,0.7672,0.76741,0.7674,0.76721,0.76718,0.76741,0.76739,-1
2017-02-02T16:58:00Z,,0.76741,0.76739,0.76744,0.76743,0.76735,0.76732,0.76742,0.7674,-1
2017-02-02T16:59:00Z,,0.76742,0.7674,0.76742,0.7674,0.76718,0.76717,0.7672,0.76718,-1
2017-02-02T17:00:00Z,,0.7672,0.76718,0.76732,0.76729,0.76716,0.76715,0.76731,0.76728,-1
2017-02-02T17:01:00Z,,0.76731,0.76728,0.76743,0.7674,0.76723,0.76721,0.76733,0.76732,-1
2017-02-02T17:02:00Z,,0.76733,0.76732,0.76735,0.76732,0.76722,0.7672,0.76723,0.7672,-1
2017-02-02T17:03:00Z,,0.76723,0.7672,0.7673,0.76728,0.76719,0.76718,0.76723,0.76721,-1
2017-02-02T17:04:00Z,,0.76723,0.76721,0.76725,0.76722,0.76719,0.76717,0.7672,0.76718,-1
2017-02-02T17:05:00Z,,0.7672,0.76718,0.76721,0.76718,0.7671,0.76709,0.76712,0.76711,-1
2017-02-02T17:06:00Z,,0.76712,0.76711,0.76721,0.76719,0.76711,0.76708,0.76717,0.76714,-1
2017-02-02T17:07:00Z,,0.76717,0.76714,0.76719,0.76717,0.7671,0.76708,0.76711,0.76708,-1
2017-02-02T17:08:00Z,,0.76711,0.76708,0.76712,0.76711,0.76695,0.76692,0.76712,0.76711,-1
2017-02-02T17:09:00Z,,0.76712,0.76711,0.76712,0.76711,0.76698,0.76695,0.76703,0.76702,-1
2017-02-02T17:10:00Z,,0.76703,0.76702,0.76707,0.76706,0.76689,0.76687,0.7669,0.76689,-1
2017-02-02T17:11:00Z,,0.7669,0.76689,0.76702,0.76699,0.76683,0.76682,0.76699,0.76697,-1
2017-02-02T17:12:00Z,,0.76699,0.76697,0.76707,0.76706,0.76695,0.76693,0.76701,0.767,-1
2017-02-02T17:13:00Z,,0.76701,0.767,0.76705,0.76703,0.76693,0.76689,0.76693,0.7669,-1
2017-02-02T17:14:00Z,,0.76693,0.7669,0.76697,0.76695,0.76684,0.76682,0.76685,0.76684,-1
2017-02-02T17:15:00Z,,0.76685,0.76684,0.767,0.76698,0.76684,0.76683,0.767,0.76698,-1
2017-02-02T17:16:00Z,,0.767,0.76698,0.76704,0.76702,0.76695,0.76691,0.76703,0.767,-1
2017-02-02T17:17:00Z,,0.76703,0.767,0.76704,0.76702,0.76696,0.76693,0.76703,0.767,-1
2017-02-02T17:18:00Z,,0.76703,0.767,0.7673,0.76727,0.76703,0.767,0.76722,0.76719,-1
2017-02-02T17:19:00Z,,0.76722,0.76719,0.76723,0.76719,0.76709,0.76707,0.76709,0.76707,-1
2017-02-02T17:20:00Z,,0.76709,0.76707,0.7671,0.76709,0.76691,0.76688,0.76691,0.76688,-1
2017-02-02T17:21:00Z,,0.76691,0.76688,0.76692,0.76689,0.7668,0.76679,0.7669,0.76686,-1
2017-02-02T17:22:00Z,,0.7669,0.76686,0.76697,0.76694,0.76688,0.76685,0.76696,0.76694,-1
2017-02-02T17:23:00Z,,0.76696,0.76694,0.76707,0.76706,0.76692,0.7669,0.76701,0.767,-1
2017-02-02T17:24:00Z,,0.76701,0.767,0.76713,0.76709,0.767,0.76698,0.76702,0.76699,-1
2017-02-02T17:25:00Z,,0.76702,0.76699,0.76704,0.76701,0.76695,0.76692,0.76696,0.76693,-1
2017-02-02T17:26:00Z,,0.76696,0.76693,0.76701,0.76699,0.76691,0.76689,0.76698,0.76695,-1
2017-02-02T17:27:00Z,,0.76698,0.76695,0.76712,0.76709,0.76697,0.76694,0.76712,0.76708,-1
2017-02-02T17:28:00Z,,0.76712,0.76708,0.76716,0.76714,0.76707,0.76705,0.76708,0.76705,-1
2017-02-02T17:29:00Z,,0.76708,0.76705,0.76709,0.76707,0.76701,0.76697,0.76703,0.76699,-1
2017-02-02T17:30:00Z,,0.76703,0.76699,0.76709,0.76706,0.76702,0.76698,0.76705,0.76702,-1
2017-02-02T17:31:00Z,,0.76705,0.76702,0.76705,0.76703,0.76699,0.76698,0.767,0.76698,-1
2017-02-02T17:32:00Z,,0.767,0.76698,0.76702,0.76701,0.76694,0.76692,0.76699,0.76697,-1
2017-02-02T17:33:00Z,,0.76699,0.76697,0.76713,0.76711,0.76699,0.76697,0.76701,0.76698,-1
2017-02-02T17:34:00Z,,0.76701,0.76698,0.76708,0.76707,0.767,0.76698,0.76702,0.767,-1
2017-02-02T17:35:00Z,,0.76702,0.767,0.76702,0.767,0.76688,0.76687,0.7669,0.76688,-1
2017-02-02T17:36:00Z,,0.7669,0.76688,0.76694,0.76691,0.76682,0.7668,0.76685,0.76684,-1
2017-02-02T17:37:00Z,,0.76685,0.76684,0.76688,0.76687,0.76678,0.76676,0.7668,0.76678,-1
2017-02-02T17:38:00Z,,0.7668,0.76678,0.7668,0.76678,0.76667,0.76666,0.76672,0.76667,-1
2017-02-02T17:39:00Z,,0.76672,0.76667,0.76672,0.7667,0.76658,0.76655,0.76667,0.76663,-1
2017-02-02T17:40:00Z,,0.76667,0.76663,0.76671,0.76668,0.76662,0.76659,0.76664,0.7666,-1
2017-02-02T17:41:00Z,,0.76664,0.7666,0.76677,0.76676,0.76657,0.76655,0.76672,0.76668,-1
2017-02-02T17:42:00Z,,0.76672,0.76668,0.76693,0.76691,0.7667,0.76667,0.76686,0.76684,-1
2017-02-02T17:43:00Z,,0.76686,0.76684,0.76696,0.76694,0.76684,0.76681,0.76694,0.76692,-1
2017-02-02T17:44:00Z,,0.76694,0.76692,0.76694,0.76692,0.76683,0.76681,0.76684,0.76681,-1
2017-02-02T17:45:00Z,,0.76684,0.76681,0.76684,0.76682,0.76663,0.76659,0.76663,0.76659,-1
2017-02-02T17:46:00Z,,0.76663,0.76659,0.76683,0.76681,0.7666,0.76659,0.7668,0.76678,-1
2017-02-02T17:47:00Z,,0.7668,0.76678,0.76682,0.76679,0.76674,0.76673,0.76681,0.76679,-1
2017-02-02T17:48:00Z,,0.76681,0.76679,0.76686,0.76684,0.76679,0.76676,0.76682,0.76679,-1
2017-02-02T17:49:00Z,,0.76682,0.76679,0.7669,0.76686,0.7668,0.76677,0.76685,0.76682,-1
2017-02-02T17:50:00Z,,0.76685,0.76682,0.76687,0.76686,0.76675,0.76673,0.76675,0.76673,-1
2017-02-02T17:51:00Z,,0.76675,0.76673,0.76687,0.76685,0.76674,0.7667,0.76687,0.76685,-1
2017-02-02T17:52:00Z,,0.76687,0.76685,0.76699,0.76697,0.76687,0.76685,0.76699,0.76697,-1
2017-02-02T17:53:00Z,,0.76699,0.76697,0.76699,0.76698,0.76691,0.76689,0.76693,0.7669,-1
2017-02-02T17:54:00Z,,0.76693,0.7669,0.76699,0.76698,0.76693,0.76689,0.76699,0.76698,-1
2017-02-02T17:55:00Z,,0.76699,0.76698,0.76701,0.767,0.7669,0.76687,0.7669,0.76687,-1
2017-02-02T17:56:00Z,,0.7669,0.76687,0.767,0.76699,0.7669,0.76687,0.76698,0.76696,-1
2017-02-02T17:57:00Z,,0.76698,0.76696,0.76699,0.76696,0.76687,0.76686,0.76691,0.76688,-1
2017-02-02T17:58:00Z,,0.76691,0.76688,0.76692,0.76688,0.76672,0.76669,0.76681,0.76678,-1
2017-02-02T17:59:00Z,,0.76681,0.76678,0.76684,0.76682,0.76672,0.76669,0.7668,0.76678,-1
2017-02-02T18:00:00Z,,0.7668,0.76678,0.76692,0.76689,0.7668,0.76678,0.76687,0.76686,-1
2017-02-02T18:01:00Z,,0.76687,0.76686,0.76691,0.76688,0.76668,0.76665,0.7667,0.76667,-1
2017-02-02T18:02:00Z,,0.7667,0.76667,0.76694,0.76692,0.7667,0.76666,0.76685,0.76684,-1
2017-02-02T18:03:00Z,,0.76685,0.76684,0.7669,0.76688,0.76684,0.76681,0.7669,0.76687,-1
2017-02-02T18:04:00Z,,0.7669,0.76687,0.76698,0.76694,0.76687,0.76685,0.76695,0.76691,-1
2017-02-02T18:05:00Z,,0.76695,0.76691,0.76695,0.76692,0.7668,0.76678,0.76682,0.76679,-1
2017-02-02T18:06:00Z,,0.76682,0.76679,0.76698,0.76696,0.76681,0.76679,0.76691,0.76688,-1
2017-02-02T18:07:00Z,,0.76691,0.76688,0.76699,0.76696,0.76689,0.76687,0.76694,0.76693,-1
2017-02-02T18:08:00Z,,0.76694,0.76693,0.76699,0.76698,0.76691,0.7669,0.76699,0.76696,-1
2017-02-02T18:09:00Z,,0.76699,0.76696,0.767,0.76698,0.76693,0.76692,0.767,0.76698,-1
2017-02-02T18:10:00Z,,0.767,0.76698,0.767,0.76698,0.76692,0.7669,0.76696,0.76694,-1
2017-02-02T18:11:00Z,,0.76696,0.76694,0.767,0.76698,0.76694,0.76692,0.76699,0.76698,-1
2017-02-02T18:12:00Z,,0.76699,0.76698,0.767,0.76698,0.7669,0.76687,0.76692,0.76691,-1
2017-02-02T18:13:00Z,,0.76692,0.76691,0.76696,0.76692,0.76689,0.76687,0.76691,0.7669,-1
2017-02-02T18:14:00Z,,0.76691,0.7669,0.76692,0.76691,0.76686,0.76684,0.76689,0.76688,-1
2017-02-02T18:15:00Z,,0.76689,0.76688,0.76701,0.76698,0.76689,0.76688,0.76699,0.76698,-1
2017-02-02T18:16:00Z,,0.76699,0.76698,0.76703,0.76702,0.76699,0.76698,0.76701,0.76699,-1
2017-02-02T18:17:00Z,,0.76701,0.76699,0.76706,0.76704,0.76694,0.76692,0.76694,0.76692,-1
2017-02-02T18:18:00Z,,0.76694,0.76692,0.76695,0.76694,0.76688,0.76686,0.7669,0.76687,-1
2017-02-02T18:19:00Z,,0.7669,0.76687,0.76693,0.76689,0.76689,0.76687,0.76692,0.76688,-1
2017-02-02T18:20:00Z,,0.76692,0.76688,0.76695,0.76692,0.76689,0.76688,0.76693,0.76692,-1
2017-02-02T18:21:00Z,,0.76693,0.76692,0.76702,0.76699,0.76693,0.7669,0.76702,0.76698,-1
2017-02-02T18:22:00Z,,0.76702,0.76698,0.76702,0.767,0.767,0.76697,0.76702,0.76699,-1
2017-02-02T18:23:00Z,,0.76702,0.76699,0.76713,0.7671,0.76701,0.76698,0.7671,0.76708,-1
2017-02-02T18:24:00Z,,0.7671,0.76708,0.76715,0.76712,0.76709,0.76707,0.76713,0.76711,-1
2017-02-02T18:25:00Z,,0.76713,0.76711,0.76722,0.76721,0.76713,0.76711,0.76722,0.76721,-1
2017-02-02T18:26:00Z,,0.76722,0.76721,0.76722,0.76721,0.76716,0.76713,0.76716,0.76713,-1
2017-02-02T18:27:00Z,,0.76716,0.76713,0.76725,0.76721,0.76714,0.76711,0.76721,0.76719,-1
2017-02-02T18:28:00Z,,0.76721,0.76719,0.76721,0.7672,0.7671,0.76708,0.7671,0.76709,-1
2017-02-02T18:29:00Z,,0.7671,0.76709,0.76717,0.76713,0.7671,0.76707,0.76713,0.76711,-1
2017-02-02T18:30:00Z,,0.76713,0.76711,0.76722,0.76718,0.76708,0.76705,0.76719,0.76716,-1
2017-02-02T18:31:00Z,,0.76719,0.76716,0.76723,0.76721,0.76719,0.76716,0.76723,0.7672,-1
2017-02-02T18:32:00Z,,0.76723,0.7672,0.76729,0.76727,0.76721,0.76718,0.76728,0.76726,-1
2017-02-02T18:33:00Z,,0.76728,0.76726,0.76728,0.76727,0.76718,0.76715,0.76722,0.76721,-1
2017-02-02T18:34:00Z,,0.76722,0.76721,0.76723,0.76721,0.7672,0.76717,0.7672,0.76718,-1
2017-02-02T18:35:00Z,,0.7672,0.76718,0.76722,0.7672,0.76714,0.76712,0.76714,0.76713,-1
2017-02-02T18:36:00Z,,0.76714,0.76713,0.76718,0.76713,0.76707,0.76705,0.76707,0.76706,-1
2017-02-02T18:37:00Z,,0.76707,0.76706,0.76708,0.76707,0.76697,0.76695,0.767,0.76697,-1
2017-02-02T18:38:00Z,,0.767,0.76697,0.76703,0.76701,0.767,0.76696,0.76703,0.76699,-1
2017-02-02T18:39:00Z,,0.76703,0.76699,0.76703,0.76699,0.76691,0.76688,0.76694,0.76691,-1
2017-02-02T18:40:00Z,,0.76694,0.76691,0.767,0.76698,0.76694,0.7669,0.76699,0.76696,-1
2017-02-02T18:41:00Z,,0.76699,0.76696,0.7671,0.76708,0.76699,0.76696,0.76709,0.76708,-1
2017-02-02T18:42:00Z,,0.76709,0.76708,0.76711,0.76709,0.767,0.76698,0.76701,0.76698,-1
2017-02-02T18:43:00Z,,0.76701,0.76698,0.76702,0.767,0.76697,0.76693,0.76697,0.76693,-1
2017-02-02T18:44:00Z,,0.76697,0.76693,0.767,0.76697,0.76691,0.76688,0.76698,0.76695,-1
2017-02-02T18:45:00Z,,0.76698,0.76695,0.767,0.76697,0.76691,0.76688,0.76692,0.76688,-1
2017-02-02T18:46:00Z,,0.76692,0.76688,0.76692,0.76689,0.76689,0.76687,0.76692,0.76688,-1
2017-02-02T18:47:00Z,,0.76692,0.76688,0.76692,0.7669,0.76684,0.76681,0.76692,0.76688,-1
2017-02-02T18:48:00Z,,0.76692,0.76688,0.76692,0.76688,0.76682,0.76678,0.76682,0.76679,-1
2017-02-02T18:49:00Z,,0.76682,0.76679,0.76683,0.76681,0.76681,0.76678,0.76683,0.7668,-1
2017-02-02T18:50:00Z,,0.76683,0.7668,0.76691,0.7669,0.76682,0.76679,0.76688,0.76687,-1
2017-02-02T18:51:00Z,,0.76688,0.76687,0.76689,0.76687,0.76678,0.76675,0.7668,0.76677,-1
2017-02-02T18:52:00Z,,0.7668,0.76677,0.76681,0.76679,0.76672,0.76668,0.7668,0.76677,-1
2017-02-02T18:53:00Z,,0.7668,0.76677,0.76681,0.7668,0.76675,0.76672,0.76679,0.76676,-1
2017-02-02T18:54:00Z,,0.76679,0.76676,0.76683,0.7668,0.76666,0.76665,0.76683,0.76678,-1
2017-02-02T18:55:00Z,,0.76683,0.76678,0.7669,0.76687,0.76677,0.76674,0.76677,0.76674,-1
2017-02-02T18:56:00Z,,0.76677,0.76674,0.7668,0.76678,0.7667,0.76667,0.76672,0.76668,-1
2017-02-02T18:57:00Z,,0.76672,0.76668,0.76672,0.76669,0.76662,0.7666,0.76663,0.76661,-1
2017-02-02T18:58:00Z,,0.76663,0.76661,0.76672,0.76669,0.7666,0.76658,0.76661,0.76658,-1
2017-02-02T18:59:00Z,,0.76661,0.76658,0.76662,0.76659,0.76656,0.76653,0.76656,0.76653,-1
2017-02-02T19:00:00Z,,0.76656,0.76653,0.76661,0.76657,0.76648,0.76645,0.7665,0.76648,-1
2017-02-02T19:01:00Z,,0.7665,0.76648,0.76662,0.76658,0.76649,0.76646,0.7665,0.76648,-1
2017-02-02T19:02:00Z,,0.7665,0.76648,0.76656,0.76655,0.76644,0.76641,0.76649,0.76647,-1
2017-02-02T19:03:00Z,,0.76649,0.76647,0.76651,0.76649,0.76646,0.76643,0.76646,0.76644,-1
2017-02-02T19:04:00Z,,0.76646,0.76644,0.7665,0.76648,0.76644,0.76642,0.76648,0.76647,-1
2017-02-02T19:05:00Z,,0.76648,0.76647,0.76653,0.7665,0.76648,0.76645,0.76649,0.76645,-1
2017-02-02T19:06:00Z,,0.76649,0.76645,0.76649,0.76647,0.76638,0.76635,0.76642,0.76638,-1
2017-02-02T19:07:00Z,,0.76642,0.76638,0.76645,0.76643,0.76639,0.76636,0.76642,0.76638,-1
2017-02-02T19:08:00Z,,0.76642,0.76638,0.76644,0.76642,0.7664,0.76638,0.76642,0.76638,-1
2017-02-02T19:09:00Z,,0.76642,0.76638,0.76648,0.76647,0.76639,0.76636,0.7664,0.76639,-1
2017-02-02T19:10:00Z,,0.7664,0.76639,0.76648,0.76646,0.7664,0.76637,0.76648,0.76646,-1
2017-02-02T19:11:00Z,,0.76648,0.76646,0.7665,0.76648,0.76647,0.76644,0.76647,0.76644,-1
2017-02-02T19:12:00Z,,0.76647,0.76644,0.76647,0.76645,0.7664,0.76637,0.76643,0.7664,-1
2017-02-02T19:13:00Z,,0.76643,0.7664,0.76646,0.76645,0.76638,0.76634,0.7664,0.76638,-1
2017-02-02T19:14:00Z,,0.7664,0.76638,0.76643,0.76641,0.7664,0.76638,0.76643,0.76641,-1
2017-02-02T19:15:00Z,,0.76643,0.76641,0.76644,0.76642,0.76641,0.76639,0.76642,0.7664,-1
2017-02-02T19:16:00Z,,0.76642,0.7664,0.76662,0.76658,0.76642,0.7664,0.76662,0.76658,-1
2017-02-02T19:17:00Z,,0.76662,0.76658,0.76664,0.76661,0.76651,0.76649,0.76651,0.76649,-1
2017-02-02T19:18:00Z,,0.76651,0.76649,0.76657,0.76654,0.7665,0.76649,0.76656,0.76652,-1
2017-02-02T19:19:00Z,,0.76656,0.76652,0.76656,0.76652,0.76646,0.76643,0.76648,0.76645,-1
2017-02-02T19:20:00Z,,0.76648,0.76645,0.76651,0.76647,0.76621,0.76617,0.76631,0.76628,-1
2017-02-02T19:21:00Z,,0.76631,0.76628,0.76637,0.76636,0.76631,0.76628,0.76632,0.76631,-1
2017-02-02T19:22:00Z,,0.76632,0.76631,0.76635,0.76633,0.76631,0.7663,0.76633,0.76632,-1
2017-02-02T19:23:00Z,,0.76633,0.76632,0.76633,0.76632,0.76623,0.76622,0.76626,0.76625,-1
2017-02-02T19:24:00Z,,0.76626,0.76625,0.76632,0.7663,0.76624,0.76623,0.7663,0.76629,-1
2017-02-02T19:25:00Z,,0.7663,0.76629,0.76633,0.76632,0.7663,0.76627,0.76631,0.76628,-1
2017-02-02T19:26:00Z,,0.76631,0.76628,0.76633,0.7663,0.7662,0.76618,0.76623,0.7662,-1
2017-02-02T19:27:00Z,,0.76623,0.7662,0.76623,0.7662,0.76608,0.76606,0.7661,0.76606,-1
2017-02-02T19:28:00Z,,0.7661,0.76606,0.76614,0.76612,0.76601,0.76598,0.76602,0.76599,-1
2017-02-02T19:29:00Z,,0.76602,0.76599,0.76604,0.76601,0.76602,0.76598,0.76603,0.76599,-1
2017-02-02T19:30:00Z,,0.76603,0.76599,0.76605,0.76601,0.76591,0.76589,0.76594,0.7659,-1
2017-02-02T19:31:00Z,,0.76594,0.7659,0.76603,0.766,0.76593,0.76589,0.76603,0.76599,-1
2017-02-02T19:32:00Z,,0.76603,0.76599,0.76605,0.76602,0.76597,0.76594,0.76601,0.76598,-1
2017-02-02T19:33:00Z,,0.76601,0.76598,0.76604,0.76603,0.76592,0.7659,0.76603,0.76601,-1
2017-02-02T19:34:00Z,,0.76603,0.76601,0.76604,0.76602,0.76581,0.7658,0.7659,0.76587,-1
2017-02-02T19:35:00Z,,0.7659,0.76587,0.76593,0.76591,0.76589,0.76586,0.76592,0.76591,-1
2017-02-02T19:36:00Z,,0.76592,0.76591,0.766,0.76598,0.76592,0.76589,0.766,0.76598,-1
2017-02-02T19:37:00Z,,0.766,0.76598,0.76608,0.76605,0.766,0.76598,0.76602,0.76599,-1
2017-02-02T19:38:00Z,,0.76602,0.76599,0.76604,0.76601,0.76592,0.76591,0.76604,0.76601,-1
2017-02-02T19:39:00Z,,0.76604,0.76601,0.76607,0.76603,0.766,0.76598,0.76601,0.76598,-1
2017-02-02T19:40:00Z,,0.76601,0.76598,0.76601,0.76598,0.76595,0.76593,0.76599,0.76595,-1
2017-02-02T19:41:00Z,,0.76599,0.76595,0.76604,0.766,0.76599,0.76595,0.76599,0.76596,-1
2017-02-02T19:42:00Z,,0.76599,0.76596,0.76605,0.76603,0.76593,0.7659,0.76604,0.766,-1
2017-02-02T19:43:00Z,,0.76604,0.766,0.76607,0.76605,0.76601,0.766,0.76603,0.766,-1
2017-02-02T19:44:00Z,,0.76603,0.766,0.76604,0.76602,0.76602,0.766,0.76604,0.76601,-1
2017-02-02T19:45:00Z,,0.76604,0.76601,0.76605,0.76602,0.766,0.76599,0.76603,0.766,-1
2017-02-02T19:46:00Z,,0.76603,0.766,0.76612,0.76611,0.76601,0.76598,0.76612,0.7661,-1
2017-02-02T19:47:00Z,,0.76612,0.7661,0.76614,0.76612,0.76611,0.76608,0.76612,0.76608,-1
2017-02-02T19:48:00Z,,0.76612,0.76608,0.76614,0.7661,0.76611,0.76608,0.76614,0.7661,-1
2017-02-02T19:49:00Z,,0.76614,0.7661,0.76615,0.76612,0.76611,0.76608,0.76613,0.76608,-1
2017-02-02T19:50:00Z,,0.76613,0.76608,0.76614,0.76612,0.7661,0.76607,0.76613,0.76612,-1
2017-02-02T19:51:00Z,,0.76613,0.76612,0.76622,0.7662,0.76612,0.76609,0.76616,0.76614,-1
2017-02-02T19:52:00Z,,0.76616,0.76614,0.76624,0.76623,0.76615,0.76612,0.76622,0.7662,-1
2017-02-02T19:53:00Z,,0.76622,0.7662,0.76626,0.76625,0.76621,0.76619,0.76621,0.76619,-1
2017-02-02T19:54:00Z,,0.76621,0.76619,0.76621,0.76619,0.76602,0.76601,0.76603,0.76601,-1
2017-02-02T19:55:00Z,,0.76603,0.76601,0.76606,0.76604,0.76603,0.76601,0.76604,0.76602,-1
2017-02-02T19:56:00Z,,0.76604,0.76602,0.76626,0.76624,0.76603,0.766,0.76626,0.76624,-1
2017-02-02T19:57:00Z,,0.76626,0.76624,0.76627,0.76624,0.76623,0.7662,0.76626,0.76624,-1
2017-02-02T19:58:00Z,,0.76626,0.76624,0.76633,0.76631,0.76609,0.76608,0.76611,0.76609,-1
2017-02-02T19:59:00Z,,0.76611,0.76609,0.76623,0.76621,0.76602,0.76601,0.76613,0.76611,-1
2017-02-02T20:00:00Z,,0.76613,0.76611,0.76623,0.76622,0.76607,0.76606,0.76612,0.76609,-1
2017-02-02T20:01:00Z,,0.76612,0.76609,0.76613,0.7661,0.76607,0.76606,0.76612,0.76608,-1
2017-02-02T20:02:00Z,,0.76612,0.76608,0.76613,0.76611,0.76602,0.76601,0.76604,0.76601,-1
2017-02-02T20:03:00Z,,0.76604,0.76601,0.7661,0.76609,0.76603,0.76601,0.7661,0.76608,-1
2017-02-02T20:04:00Z,,0.7661,0.76608,0.76613,0.7661,0.76605,0.76602,0.76612,0.76609,-1
2017-02-02T20:05:00Z,,0.76612,0.76609,0.7662,0.76617,0.76612,0.76608,0.7662,0.76617,-1
2017-02-02T20:06:00Z,,0.7662,0.76617,0.76621,0.76618,0.76606,0.76604,0.76606,0.76605,-1
2017-02-02T20:07:00Z,,0.76606,0.76605,0.76611,0.7661,0.76603,0.766,0.76611,0.76608,-1
2017-02-02T20:08:00Z,,0.76611,0.76608,0.76615,0.76611,0.76605,0.766,0.76606,0.76603,-1
2017-02-02T20:09:00Z,,0.76606,0.76603,0.76611,0.76608,0.76604,0.766,0.76608,0.76604,-1
2017-02-02T20:10:00Z,,0.76608,0.76604,0.7661,0.76609,0.76602,0.76598,0.7661,0.76608,-1
2017-02-02T20:11:00Z,,0.7661,0.76608,0.76612,0.7661,0.76609,0.76607,0.76611,0.76608,-1
2017-02-02T20:12:00Z,,0.76611,0.76608,0.76611,0.76609,0.76611,0.76606,0.76611,0.76608,-1
2017-02-02T20:13:00Z,,0.76611,0.76608,0.76611,0.76609,0.76599,0.76597,0.76601,0.76597,-1
2017-02-02T20:14:00Z,,0.76601,0.76597,0.76603,0.766,0.766,0.76596,0.76603,0.76599,-1
2017-02-02T20:15:00Z,,0.76603,0.76599,0.76603,0.766,0.76597,0.76595,0.76602,0.76598,-1
2017-02-02T20:16:00Z,,0.76602,0.76598,0.76603,0.766,0.76601,0.76598,0.76603,0.766,-1
2017-02-02T20:17:00Z,,0.76603,0.766,0.76606,0.76603,0.76601,0.766,0.76602,0.766,-1
2017-02-02T20:18:00Z,,0.76602,0.766,0.76605,0.766,0.76599,0.76595,0.76601,0.76598,-1
2017-02-02T20:19:00Z,,0.76601,0.76598,0.76603,0.76599,0.766,0.76595,0.766,0.76596,-1
2017-02-02T20:20:00Z,,0.766,0.76596,0.76602,0.76597,0.7659,0.76588,0.76601,0.76597,-1
2017-02-02T20:21:00Z,,0.76601,0.76597,0.76605,0.76601,0.766,0.76597,0.76602,0.76597,-1
2017-02-02T20:22:00Z,,0.76602,0.76597,0.76612,0.76608,0.766,0.76596,0.76607,0.76605,-1
2017-02-02T20:23:00Z,,0.76607,0.76605,0.76612,0.76611,0.76607,0.76604,0.76612,0.76608,-1
2017-02-02T20:24:00Z,,0.76612,0.76608,0.76616,0.76611,0.76611,0.76607,0.76616,0.76611,-1
2017-02-02T20:25:00Z,,0.76616,0.76611,0.76619,0.76618,0.7661,0.76607,0.76619,0.76617,-1
2017-02-02T20:26:00Z,,0.76619,0.76617,0.76621,0.76618,0.76611,0.76608,0.76615,0.76614,-1
2017-02-02T20:27:00Z,,0.76615,0.76614,0.76616,0.76614,0.76612,0.76608,0.76614,0.7661,-1
2017-02-02T20:28:00Z,,0.76614,0.7661,0.76614,0.7661,0.76605,0.76601,0.76606,0.76603,-1
2017-02-02T20:29:00Z,,0.76606,0.76603,0.76613,0.7661,0.76604,0.766,0.76613,0.76609,-1
2017-02-02T20:30:00Z,,0.76613,0.76609,0.76613,0.76609,0.76601,0.76598,0.76601,0.766,-1
2017-02-02T20:31:00Z,,0.76601,0.766,0.76605,0.76603,0.76601,0.76598,0.76604,0.76603,-1
2017-02-02T20:32:00Z,,0.76604,0.76603,0.76606,0.76605,0.76601,0.76599,0.76606,0.76604,-1
2017-02-02T20:33:00Z,,0.76606,0.76604,0.76611,0.76609,0.76604,0.76602,0.76606,0.76602,-1
2017-02-02T20:34:00Z,,0.76606,0.76602,0.76612,0.76609,0.76606,0.76602,0.76609,0.76605,-1
2017-02-02T20:35:00Z,,0.76609,0.76605,0.76613,0.76609,0.76609,0.76605,0.76613,0.76609,-1
2017-02-02T20:36:00Z,,0.76613,0.76609,0.76613,0.76609,0.76608,0.76606,0.76611,0.76608,-1
2017-02-02T20:37:00Z,,0.76611,0.76608,0.76625,0.76622,0.7661,0.76606,0.76621,0.76617,-1
2017-02-02T20:38:00Z,,0.76621,0.76617,0.76624,0.76623,0.7662,0.76617,0.76623,0.7662,-1
2017-02-02T20:39:00Z,,0.76623,0.7662,0.76631,0.76629,0.76618,0.76617,0.7663,0.76629,-1
2017-02-02T20:40:00Z,,0.7663,0.76629,0.7663,0.76629,0.76618,0.76616,0.7662,0.76618,-1
2017-02-02T20:41:00Z,,0.7662,0.76618,0.76623,0.7662,0.76618,0.76615,0.7662,0.76617,-1
2017-02-02T20:42:00Z,,0.7662,0.76617,0.7663,0.76628,0.7662,0.76617,0.76629,0.76626,-1
2017-02-02T20:43:00Z,,0.76629,0.76626,0.76629,0.76627,0.76627,0.76624,0.76628,0.76627,-1
2017-02-02T20:44:00Z,,0.76628,0.76627,0.76628,0.76627,0.76619,0.76616,0.7662,0.76617,-1
2017-02-02T20:45:00Z,,0.7662,0.76617,0.76621,0.76618,0.76617,0.76615,0.76618,0.76616,-1
2017-02-02T20:46:00Z,,0.76618,0.76616,0.76624,0.76623,0.76617,0.76616,0.76623,0.76618,-1
2017-02-02T20:47:00Z,,0.76623,0.76618,0.76625,0.76621,0.76622,0.76618,0.76624,0.76619,-1
2017-02-02T20:48:00Z,,0.76624,0.76619,0.76624,0.7662,0.76619,0.76616,0.76619,0.76616,-1
2017-02-02T20:49:00Z,,0.76619,0.76616,0.76619,0.76617,0.76618,0.76616,0.76619,0.76616,-1
2017-02-02T20:50:00Z,,0.76619,0.76616,0.76622,0.76619,0.7661,0.76609,0.76622,0.76618,-1
2017-02-02T20:51:00Z,,0.76622,0.76618,0.7663,0.76628,0.76622,0.76618,0.76627,0.76625,-1
2017-02-02T20:52:00Z,,0.76627,0.76625,0.76634,0.7663,0.76627,0.76625,0.76633,0.76628,-1
2017-02-02T20:53:00Z,,0.76633,0.76628,0.76634,0.76629,0.76623,0.76621,0.76624,0.76621,-1
2017-02-02T20:54:00Z,,0.76624,0.76621,0.76625,0.76621,0.76621,0.76617,0.76624,0.76619,-1
2017-02-02T20:55:00Z,,0.76624,0.76619,0.76624,0.7662,0.76619,0.76615,0.7662,0.76616,-1
2017-02-02T20:56:00Z,,0.7662,0.76616,0.76631,0.76627,0.7662,0.76616,0.76629,0.76625,-1
2017-02-02T20:57:00Z,,0.76629,0.76625,0.76637,0.76633,0.76629,0.76625,0.76636,0.76633,-1
2017-02-02T20:58:00Z,,0.76636,0.76633,0.76637,0.76633,0.76627,0.76624,0.76631,0.76628,-1
2017-02-02T20:59:00Z,,0.76631,0.76628,0.76632,0.76628,0.76624,0.76621,0.7663,0.76627,-1
2017-02-02T21:00:00Z,,0.7663,0.76627,0.76633,0.7663,0.7663,0.76627,0.76632,0.7663,-1
2017-02-02T21:01:00Z,,0.76632,0.7663,0.76635,0.7663,0.76626,0.76622,0.76628,0.76625,-1
2017-02-02T21:02:00Z,,0.76628,0.76625,0.7663,0.76626,0.76624,0.7662,0.76627,0.76626,-1
2017-02-02T21:03:00Z,,0.76627,0.76626,0.76627,0.76626,0.76622,0.7662,0.76623,0.76622,-1
2017-02-02T21:04:00Z,,0.76623,0.76622,0.76623,0.76622,0.76618,0.76616,0.76621,0.76619,-1
2017-02-02T21:05:00Z,,0.76621,0.76619,0.76622,0.76619,0.7662,0.76616,0.76621,0.76617,-1
2017-02-02T21:06:00Z,,0.76621,0.76617,0.76621,0.76619,0.76619,0.76616,0.76619,0.76616,-1
2017-02-02T21:07:00Z,,0.76619,0.76616,0.76621,0.7662,0.76618,0.76616,0.76618,0.76617,-1
2017-02-02T21:08:00Z,,0.76618,0.76617,0.76619,0.76618,0.76618,0.76616,0.76618,0.76616,-1
2017-02-02T21:09:00Z,,0.76618,0.76616,0.7662,0.76617,0.76611,0.76609,0.76612,0.7661,-1
2017-02-02T21:10:00Z,,0.76612,0.7661,0.76617,0.76614,0.76612,0.76609,0.76617,0.76612,-1
2017-02-02T21:11:00Z,,0.76617,0.76612,0.76617,0.76612,0.76609,0.76605,0.7661,0.76606,-1
2017-02-02T21:12:00Z,,0.7661,0.76606,0.76612,0.76607,0.76608,0.76606,0.76612,0.76607,-1
2017-02-02T21:13:00Z,,0.76612,0.76607,0.76613,0.76607,0.76604,0.76601,0.76606,0.76601,-1
2017-02-02T21:14:00Z,,0.76606,0.76601,0.76607,0.76603,0.76605,0.76601,0.76607,0.76602,-1
2017-02-02T21:15:00Z,,0.76607,0.76602,0.76613,0.76611,0.76607,0.76602,0.76613,0.76609,-1
2017-02-02T21:16:00Z,,0.76613,0.76609,0.76613,0.76609,0.76609,0.76605,0.7661,0.76606,-1
2017-02-02T21:17:00Z,,0.7661,0.76606,0.7661,0.76607,0.76603,0.76602,0.76603,0.76602,-1
2017-02-02T21:18:00Z,,0.76603,0.76602,0.76603,0.76602,0.76603,0.76601,0.76603,0.76602,-1
2017-02-02T21:19:00Z,,0.76603,0.76602,0.76605,0.76603,0.76603,0.76599,0.76603,0.766,-1
2017-02-02T21:20:00Z,,0.76603,0.766,0.76604,0.766,0.76588,0.76586,0.76592,0.76588,-1
2017-02-02T21:21:00Z,,0.76592,0.76588,0.76594,0.76591,0.76591,0.76588,0.76592,0.7659,-1
2017-02-02T21:22:00Z,,0.76592,0.7659,0.76595,0.76591,0.76591,0.76588,0.76592,0.76588,-1
2017-02-02T21:23:00Z,,0.76592,0.76588,0.76602,0.76597,0.76592,0.76587,0.76602,0.76597,-1
2017-02-02T21:24:00Z,,0.76602,0.76597,0.76605,0.76599,0.76601,0.76597,0.76604,0.76599,-1
2017-02-02T21:25:00Z,,0.76604,0.76599,0.76606,0.76601,0.76603,0.76599,0.76605,0.76601,-1
2017-02-02T21:26:00Z,,0.76605,0.76601,0.76605,0.76601,0.76602,0.76597,0.76603,0.76597,-1
2017-02-02T21:27:00Z,,0.76603,0.76597,0.76626,0.76623,0.76602,0.76597,0.76619,0.76616,-1
2017-02-02T21:28:00Z,,0.76619,0.76616,0.76622,0.76618,0.76619,0.76616,0.76621,0.76618,-1
2017-02-02T21:29:00Z,,0.76621,0.76618,0.76622,0.76618,0.76604,0.76599,0.76611,0.76607,-1
2017-02-02T21:30:00Z,,0.76611,0.76607,0.76618,0.76615,0.76611,0.76607,0.76616,0.76613,-1
2017-02-02T21:31:00Z,,0.76616,0.76613,0.76618,0.76615,0.76614,0.76613,0.76617,0.76614,-1
2017-02-02T21:32:00Z,,0.76617,0.76614,0.76622,0.76616,0.76615,0.76612,0.7662,0.76616,-1
2017-02-02T21:33:00Z,,0.7662,0.76616,0.76621,0.76616,0.76618,0.76614,0.76621,0.76615,-1
2017-02-02T21:34:00Z,,0.76621,0.76615,0.76621,0.76617,0.76619,0.76614,0.76621,0.76615,-1
2017-02-02T21:35:00Z,,0.76621,0.76615,0.76623,0.76616,0.76617,0.76614,0.76621,0.76615,-1
2017-02-02T21:36:00Z,,0.76621,0.76615,0.76621,0.76615,0.76598,0.76596,0.76602,0.76598,-1
2017-02-02T21:37:00Z,,0.76602,0.76598,0.76605,0.76602,0.76602,0.76597,0.76605,0.76601,-1
2017-02-02T21:38:00Z,,0.76605,0.76601,0.7661,0.76607,0.76597,0.76593,0.76597,0.76595,-1
2017-02-02T21:39:00Z,,0.76597,0.76595,0.766,0.76596,0.76596,0.76592,0.76599,0.76593,-1
2017-02-02T21:40:00Z,,0.76599,0.76593,0.76608,0.76604,0.76597,0.7659,0.76607,0.76603,-1
2017-02-02T21:41:00Z,,0.76607,0.76603,0.76613,0.76611,0.76607,0.76602,0.76612,0.76607,-1
2017-02-02T21:42:00Z,,0.76612,0.76607,0.76613,0.76608,0.7661,0.76604,0.76612,0.76607,-1
2017-02-02T21:43:00Z,,0.76612,0.76607,0.76613,0.76609,0.7661,0.76602,0.7661,0.76603,-1
2017-02-02T21:44:00Z,,0.7661,0.76603,0.76613,0.76608,0.76609,0.76602,0.76613,0.76607,-1
2017-02-02T21:45:00Z,,0.76613,0.76607,0.76614,0.76608,0.7661,0.76606,0.76613,0.76606,-1
2017-02-02T21:46:00Z,,0.76613,0.76606,0.76613,0.76606,0.76607,0.76601,0.76607,0.76601,-1
2017-02-02T21:47:00Z,,0.76607,0.76601,0.7661,0.76601,0.76607,0.76601,0.76609,0.76601,-1
2017-02-02T21:48:00Z,,0.76609,0.76601,0.76609,0.76601,0.76603,0.766,0.76603,0.766,-1
2017-02-02T21:49:00Z,,0.76603,0.766,0.76605,0.766,0.76599,0.7659,0.76599,0.7659,-1
2017-02-02T21:50:00Z,,0.76599,0.7659,0.76599,0.7659,0.76591,0.76584,0.76591,0.76586,-1
2017-02-02T21:51:00Z,,0.76591,0.76586,0.76592,0.76589,0.76591,0.76585,0.76592,0.76587,-1
2017-02-02T21:52:00Z,,0.76592,0.76587,0.76592,0.76588,0.76591,0.76585,0.76592,0.76587,-1
2017-02-02T21:53:00Z,,0.76592,0.76587,0.76592,0.76587,0.7658,0.76576,0.76583,0.76577,-1
2017-02-02T21:54:00Z,,0.76583,0.76577,0.76589,0.76582,0.76583,0.76577,0.76588,0.76581,-1
2017-02-02T21:55:00Z,,0.76588,0.76581,0.76588,0.76582,0.7658,0.76574,0.76581,0.76576,-1
2017-02-02T21:56:00Z,,0.76581,0.76576,0.76586,0.7658,0.76575,0.76572,0.76584,0.76578,-1
2017-02-02T21:57:00Z,,0.76584,0.76578,0.76594,0.76587,0.76581,0.76573,0.76583,0.76576,-1
2017-02-02T21:58:00Z,,0.76583,0.76576,0.76587,0.76582,0.76577,0.7657,0.76586,0.76578,-1
2017-02-02T21:59:00Z,,0.76586,0.76578,0.7659,0.7658,0.76573,0.76556,0.76589,0.76556,-1
