2016-05-04T21:15:00Z,,0.7468,0.74505,0.7468,0.74576,0.74595,0.74505,0.74602,0.74575,-1
2016-05-04T21:16:00Z,,0.74602,0.74575,0.74609,0.74585,0.74586,0.74564,0.74587,0.74564,-1
2016-05-04T21:17:00Z,,0.74587,0.74564,0.74587,0.74565,0.74548,0.7454,0.74575,0.74548,-1
2016-05-04T21:18:00Z,,0.74575,0.74548,0.74577,0.74551,0.74559,0.74535,0.74571,0.7455,-1
2016-05-04T21:19:00Z,,0.74571,0.7455,0.74576,0.74558,0.74566,0.7455,0.74574,0.74556,-1
2016-05-04T21:20:00Z,,0.74574,0.74556,0.74578,0.74561,0.74572,0.74553,0.74578,0.7456,-1
2016-05-04T21:21:00Z,,0.74578,0.7456,0.7458,0.74562,0.74578,0.7456,0.7458,0.74561,-1
2016-05-04T21:22:00Z,,0.7458,0.74561,0.74587,0.74568,0.7458,0.74561,0.74582,0.74562,-1
2016-05-04T21:23:00Z,,0.74582,0.74562,0.74582,0.74565,0.74568,0.74552,0.74569,0.74552,-1
2016-05-04T21:24:00Z,,0.74569,0.74552,0.74572,0.74552,0.74568,0.74551,0.7457,0.74551,-1
2016-05-04T21:25:00Z,,0.7457,0.74551,0.7457,0.74551,0.74568,0.74551,0.74568,0.74551,-1
2016-05-04T21:26:00Z,,0.74568,0.74551,0.74575,0.74551,0.74568,0.74551,0.7457,0.74551,-1
2016-05-04T21:27:00Z,,0.7457,0.74551,0.74571,0.74551,0.74566,0.7455,0.74566,0.7455,-1
2016-05-04T21:28:00Z,,0.74566,0.7455,0.74568,0.7455,0.74566,0.7455,0.74568,0.7455,-1
2016-05-04T21:29:00Z,,0.74568,0.7455,0.7457,0.7455,0.74562,0.7454,0.74565,0.74543,-1
2016-05-04T21:30:00Z,,0.74565,0.74543,0.74568,0.74546,0.74565,0.74543,0.74568,0.74546,-1
2016-05-04T21:31:00Z,,0.74568,0.74546,0.74571,0.74546,0.74568,0.74545,0.74571,0.74546,-1
2016-05-04T21:32:00Z,,0.74571,0.74546,0.74571,0.74546,0.74571,0.74546,0.74571,0.74546,-1
2016-05-04T21:33:00Z,,0.74571,0.74546,0.74586,0.74559,0.74571,0.74546,0.74586,0.74559,-1
2016-05-04T21:34:00Z,,0.74586,0.74559,0.74591,0.74565,0.74579,0.74554,0.7459,0.74564,-1
2016-05-04T21:35:00Z,,0.7459,0.74564,0.74591,0.74564,0.7458,0.74564,0.7458,0.74564,-1
2016-05-04T21:36:00Z,,0.7458,0.74564,0.7458,0.74565,0.74574,0.74554,0.74574,0.7456,-1
2016-05-04T21:37:00Z,,0.74574,0.7456,0.74576,0.74561,0.74574,0.7456,0.74574,0.74561,-1
2016-05-04T21:38:00Z,,0.74574,0.74561,0.74579,0.74561,0.74574,0.74561,0.74579,0.74561,-1
2016-05-04T21:39:00Z,,0.74579,0.74561,0.7458,0.74566,0.74578,0.74558,0.7458,0.74561,-1
2016-05-04T21:40:00Z,,0.7458,0.74561,0.7458,0.74571,0.7458,0.74561,0.7458,0.74571,-1
2016-05-04T21:41:00Z,,0.7458,0.74571,0.7458,0.74571,0.7458,0.74559,0.7458,0.74561,-1
2016-05-04T21:42:00Z,,0.7458,0.74561,0.7458,0.74563,0.7458,0.74555,0.7458,0.74557,-1
2016-05-04T21:43:00Z,,0.7458,0.74557,0.7458,0.74557,0.7458,0.74556,0.7458,0.74557,-1
2016-05-04T21:44:00Z,,0.7458,0.74557,0.7458,0.74559,0.7458,0.74556,0.7458,0.74558,-1
2016-05-04T21:45:00Z,,0.7458,0.74558,0.7458,0.74562,0.7458,0.74554,0.7458,0.74554,-1
2016-05-04T21:46:00Z,,0.7458,0.74554,0.7458,0.74559,0.74577,0.74554,0.74577,0.74559,-1
2016-05-04T21:47:00Z,,0.74577,0.74559,0.74579,0.74567,0.7457,0.74554,0.74577,0.74555,-1
2016-05-04T21:48:00Z,,0.74577,0.74555,0.7458,0.7456,0.74565,0.74546,0.74569,0.74549,-1
2016-05-04T21:49:00Z,,0.74569,0.74549,0.74575,0.74553,0.7454,0.74527,0.7456,0.7454,-1
2016-05-04T21:50:00Z,,0.7456,0.7454,0.74599,0.7458,0.7455,0.74534,0.74599,0.7458,-1
2016-05-04T21:51:00Z,,0.74599,0.7458,0.74609,0.74602,0.74551,0.7454,0.74572,0.74552,-1
2016-05-04T21:52:00Z,,0.74572,0.74552,0.74595,0.74571,0.74572,0.74552,0.74593,0.74569,-1
2016-05-04T21:53:00Z,,0.74593,0.74569,0.7462,0.74611,0.74585,0.74568,0.74612,0.74594,-1
2016-05-04T21:54:00Z,,0.74612,0.74594,0.74614,0.74594,0.74574,0.74551,0.74587,0.74571,-1
2016-05-04T21:55:00Z,,0.74587,0.74571,0.74589,0.74572,0.74587,0.7457,0.74589,0.74572,-1
2016-05-04T21:56:00Z,,0.74589,0.74572,0.74605,0.74592,0.74589,0.74572,0.74604,0.7459,-1
2016-05-04T21:57:00Z,,0.74604,0.7459,0.74607,0.74592,0.74602,0.74579,0.74605,0.74591,-1
2016-05-04T21:58:00Z,,0.74605,0.74591,0.74609,0.74595,0.74604,0.74579,0.74605,0.7458,-1
2016-05-04T21:59:00Z,,0.74605,0.7458,0.74605,0.74582,0.74602,0.74577,0.74602,0.74577,-1
2016-05-04T22:00:00Z,,0.74602,0.74577,0.74602,0.7458,0.74587,0.74569,0.74589,0.7457,-1
2016-05-04T22:01:00Z,,0.74589,0.7457,0.74594,0.74577,0.74589,0.7457,0.74592,0.74576,-1
2016-05-04T22:02:00Z,,0.74592,0.74576,0.74598,0.74583,0.74586,0.74569,0.74598,0.74583,-1
2016-05-04T22:03:00Z,,0.74598,0.74583,0.74598,0.74584,0.74595,0.7458,0.74597,0.74581,-1
2016-05-04T22:04:00Z,,0.74597,0.74581,0.74598,0.74581,0.74593,0.7458,0.74595,0.7458,-1
2016-05-04T22:05:00Z,,0.74595,0.7458,0.74596,0.7458,0.74591,0.74575,0.74593,0.74578,-1
2016-05-04T22:06:00Z,,0.74593,0.74578,0.74595,0.74578,0.74591,0.74574,0.74592,0.74575,-1
2016-05-04T22:07:00Z,,0.74592,0.74575,0.74604,0.7459,0.7458,0.74565,0.74604,0.7459,-1
2016-05-04T22:08:00Z,,0.74604,0.7459,0.7461,0.746,0.746,0.7459,0.746,0.74598,-1
2016-05-04T22:09:00Z,,0.746,0.74598,0.746,0.74598,0.746,0.74592,0.746,0.74593,-1
2016-05-04T22:10:00Z,,0.746,0.74593,0.74608,0.74607,0.74596,0.74591,0.74596,0.74591,-1
2016-05-04T22:11:00Z,,0.74596,0.74591,0.74605,0.74595,0.74594,0.74588,0.74594,0.74589,-1
2016-05-04T22:12:00Z,,0.74594,0.74589,0.74601,0.74595,0.74594,0.74589,0.746,0.74594,-1
2016-05-04T22:13:00Z,,0.746,0.74594,0.74603,0.74594,0.74594,0.74588,0.74595,0.74591,-1
2016-05-04T22:14:00Z,,0.74595,0.74591,0.74613,0.74606,0.74594,0.74587,0.74605,0.74592,-1
2016-05-04T22:15:00Z,,0.74605,0.74592,0.74606,0.74592,0.74603,0.74589,0.74603,0.74589,-1
2016-05-04T22:16:00Z,,0.74603,0.74589,0.74616,0.74604,0.74603,0.74588,0.74603,0.74589,-1
2016-05-04T22:17:00Z,,0.74603,0.74589,0.74609,0.74597,0.74603,0.74588,0.74605,0.74588,-1
2016-05-04T22:18:00Z,,0.74605,0.74588,0.74613,0.74603,0.74597,0.74587,0.74607,0.74593,-1
2016-05-04T22:19:00Z,,0.74607,0.74593,0.74615,0.74599,0.74606,0.74592,0.74612,0.74599,-1
2016-05-04T22:20:00Z,,0.74612,0.74599,0.74612,0.74599,0.74602,0.74586,0.74605,0.74591,-1
2016-05-04T22:21:00Z,,0.74605,0.74591,0.74609,0.74595,0.74605,0.74591,0.74609,0.74595,-1
2016-05-04T22:22:00Z,,0.74609,0.74595,0.74627,0.74616,0.74609,0.74594,0.74621,0.7461,-1
2016-05-04T22:23:00Z,,0.74621,0.7461,0.74624,0.74612,0.74611,0.74608,0.7462,0.74609,-1
2016-05-04T22:24:00Z,,0.7462,0.74609,0.74628,0.74615,0.74617,0.74608,0.74628,0.74615,-1
2016-05-04T22:25:00Z,,0.74628,0.74615,0.74636,0.7463,0.74623,0.74612,0.74634,0.7463,-1
2016-05-04T22:26:00Z,,0.74634,0.7463,0.74638,0.7463,0.74629,0.74615,0.74632,0.74618,-1
2016-05-04T22:27:00Z,,0.74632,0.74618,0.74638,0.74627,0.74622,0.74612,0.74623,0.74615,-1
2016-05-04T22:28:00Z,,0.74623,0.74615,0.7463,0.7462,0.74615,0.74606,0.7462,0.74614,-1
2016-05-04T22:29:00Z,,0.7462,0.74614,0.74624,0.74617,0.74616,0.74606,0.74616,0.74607,-1
2016-05-04T22:30:00Z,,0.74616,0.74607,0.74641,0.74628,0.74616,0.74607,0.74641,0.74627,-1
2016-05-04T22:31:00Z,,0.74641,0.74627,0.74642,0.74632,0.74622,0.74609,0.74623,0.74609,-1
2016-05-04T22:32:00Z,,0.74623,0.74609,0.74623,0.7461,0.74603,0.7459,0.7461,0.74597,-1
2016-05-04T22:33:00Z,,0.7461,0.74597,0.74622,0.74615,0.7461,0.74597,0.74612,0.74604,-1
2016-05-04T22:34:00Z,,0.74612,0.74604,0.74615,0.74607,0.74603,0.74597,0.74609,0.74601,-1
2016-05-04T22:35:00Z,,0.74609,0.74601,0.74613,0.74605,0.74603,0.74592,0.74612,0.746,-1
2016-05-04T22:36:00Z,,0.74612,0.746,0.74612,0.746,0.74607,0.74598,0.7461,0.74599,-1
2016-05-04T22:37:00Z,,0.7461,0.74599,0.74611,0.74599,0.746,0.74594,0.746,0.74597,-1
2016-05-04T22:38:00Z,,0.746,0.74597,0.74617,0.7461,0.746,0.74595,0.74607,0.74595,-1
2016-05-04T22:39:00Z,,0.74607,0.74595,0.74611,0.74607,0.74607,0.74595,0.74611,0.74603,-1
2016-05-04T22:40:00Z,,0.74611,0.74603,0.74611,0.74603,0.74611,0.74603,0.74611,0.74603,-1
2016-05-04T22:41:00Z,,0.74611,0.74603,0.74611,0.74606,0.74602,0.74592,0.74603,0.74593,-1
2016-05-04T22:42:00Z,,0.74603,0.74593,0.74613,0.746,0.74594,0.74588,0.74613,0.746,-1
2016-05-04T22:43:00Z,,0.74613,0.746,0.74613,0.746,0.74612,0.74599,0.74613,0.746,-1
2016-05-04T22:44:00Z,,0.74613,0.746,0.74616,0.74607,0.7461,0.746,0.74613,0.74602,-1
2016-05-04T22:45:00Z,,0.74613,0.74602,0.74621,0.74609,0.74602,0.7459,0.74614,0.74602,-1
2016-05-04T22:46:00Z,,0.74614,0.74602,0.74627,0.7462,0.74613,0.746,0.74621,0.74611,-1
2016-05-04T22:47:00Z,,0.74621,0.74611,0.74622,0.74612,0.74619,0.74611,0.7462,0.74611,-1
2016-05-04T22:48:00Z,,0.7462,0.74611,0.74621,0.74613,0.7462,0.74611,0.74621,0.74612,-1
2016-05-04T22:49:00Z,,0.74621,0.74612,0.74621,0.74613,0.7461,0.74598,0.7461,0.74599,-1
2016-05-04T22:50:00Z,,0.7461,0.74599,0.7461,0.746,0.74599,0.74589,0.74609,0.746,-1
2016-05-04T22:51:00Z,,0.74609,0.746,0.74614,0.74604,0.74609,0.74598,0.74612,0.74599,-1
2016-05-04T22:52:00Z,,0.74612,0.74599,0.74621,0.74615,0.74609,0.74599,0.74621,0.74615,-1
2016-05-04T22:53:00Z,,0.74621,0.74615,0.74633,0.74628,0.7462,0.74612,0.74633,0.74628,-1
2016-05-04T22:54:00Z,,0.74633,0.74628,0.74635,0.74633,0.74619,0.74611,0.74631,0.74625,-1
2016-05-04T22:55:00Z,,0.74631,0.74625,0.74633,0.74626,0.74627,0.74622,0.74633,0.74626,-1
2016-05-04T22:56:00Z,,0.74633,0.74626,0.74641,0.74635,0.74632,0.74625,0.74641,0.74635,-1
2016-05-04T22:57:00Z,,0.74641,0.74635,0.74642,0.74638,0.74636,0.74633,0.7464,0.74633,-1
2016-05-04T22:58:00Z,,0.7464,0.74633,0.7464,0.74634,0.7464,0.74633,0.7464,0.74634,-1
2016-05-04T22:59:00Z,,0.7464,0.74634,0.74647,0.74642,0.7464,0.74634,0.7464,0.74634,-1
2016-05-04T23:00:00Z,,0.7464,0.74634,0.74651,0.74645,0.74633,0.74628,0.7464,0.74634,-1
2016-05-04T23:01:00Z,,0.7464,0.74634,0.74644,0.74641,0.74629,0.7462,0.74644,0.74641,-1
2016-05-04T23:02:00Z,,0.74644,0.74641,0.7465,0.74644,0.74637,0.74632,0.74649,0.74642,-1
2016-05-04T23:03:00Z,,0.74649,0.74642,0.74652,0.74648,0.74635,0.7463,0.74649,0.74644,-1
2016-05-04T23:04:00Z,,0.74649,0.74644,0.74681,0.7468,0.74648,0.74642,0.74648,0.74642,-1
2016-05-04T23:05:00Z,,0.74648,0.74642,0.74659,0.74654,0.74641,0.74637,0.74658,0.74651,-1
2016-05-04T23:06:00Z,,0.74658,0.74651,0.7466,0.74652,0.74647,0.74641,0.74649,0.74643,-1
2016-05-04T23:07:00Z,,0.74649,0.74643,0.74652,0.74647,0.74649,0.74643,0.74651,0.74647,-1
2016-05-04T23:08:00Z,,0.74651,0.74647,0.74652,0.74647,0.7465,0.74647,0.74651,0.74647,-1
2016-05-04T23:09:00Z,,0.74651,0.74647,0.74652,0.74647,0.74651,0.74647,0.74652,0.74647,-1
2016-05-04T23:10:00Z,,0.74652,0.74647,0.74661,0.74658,0.74651,0.74647,0.74661,0.74658,-1
2016-05-04T23:11:00Z,,0.74661,0.74658,0.74661,0.74658,0.74649,0.74647,0.74652,0.74648,-1
2016-05-04T23:12:00Z,,0.74652,0.74648,0.74657,0.74649,0.74652,0.74647,0.74657,0.74649,-1
2016-05-04T23:13:00Z,,0.74657,0.74649,0.74669,0.74663,0.74652,0.74647,0.74661,0.74657,-1
2016-05-04T23:14:00Z,,0.74661,0.74657,0.74664,0.7466,0.7466,0.74655,0.7466,0.74655,-1
2016-05-04T23:15:00Z,,0.7466,0.74655,0.74661,0.74657,0.74656,0.74654,0.7466,0.74655,-1
2016-05-04T23:16:00Z,,0.7466,0.74655,0.7466,0.74655,0.74658,0.74655,0.74659,0.74655,-1
2016-05-04T23:17:00Z,,0.74659,0.74655,0.74665,0.74664,0.74659,0.74655,0.74661,0.74655,-1
2016-05-04T23:18:00Z,,0.74661,0.74655,0.74661,0.74655,0.74656,0.74653,0.74657,0.74653,-1
2016-05-04T23:19:00Z,,0.74657,0.74653,0.74658,0.74653,0.74656,0.74653,0.74658,0.74653,-1
2016-05-04T23:20:00Z,,0.74658,0.74653,0.74658,0.74654,0.74656,0.74653,0.74657,0.74654,-1
2016-05-04T23:21:00Z,,0.74657,0.74654,0.74658,0.74655,0.74656,0.74654,0.74657,0.74655,-1
2016-05-04T23:22:00Z,,0.74657,0.74655,0.74657,0.74655,0.74656,0.74654,0.74657,0.74654,-1
2016-05-04T23:23:00Z,,0.74657,0.74654,0.74657,0.74654,0.74656,0.74652,0.74656,0.74652,-1
2016-05-04T23:24:00Z,,0.74656,0.74652,0.74659,0.74655,0.74656,0.74652,0.74659,0.74655,-1
2016-05-04T23:25:00Z,,0.74659,0.74655,0.74659,0.74655,0.74659,0.74655,0.74659,0.74655,-1
2016-05-04T23:26:00Z,,0.74659,0.74655,0.74664,0.7466,0.74659,0.74654,0.74662,0.74655,-1
2016-05-04T23:27:00Z,,0.74662,0.74655,0.74664,0.74658,0.74658,0.74654,0.7466,0.74654,-1
2016-05-04T23:28:00Z,,0.7466,0.74654,0.74661,0.74655,0.7466,0.74654,0.7466,0.74655,-1
2016-05-04T23:29:00Z,,0.7466,0.74655,0.7467,0.74665,0.7466,0.74655,0.74669,0.74665,-1
2016-05-04T23:30:00Z,,0.74669,0.74665,0.7467,0.74665,0.74666,0.74662,0.74668,0.74664,-1
2016-05-04T23:31:00Z,,0.74668,0.74664,0.74671,0.74666,0.74667,0.74664,0.74667,0.74665,-1
2016-05-04T23:32:00Z,,0.74667,0.74665,0.74669,0.74668,0.74666,0.74663,0.74669,0.74667,-1
2016-05-04T23:33:00Z,,0.74669,0.74667,0.74669,0.74667,0.74669,0.74663,0.74669,0.74663,-1
2016-05-04T23:34:00Z,,0.74669,0.74663,0.7467,0.74665,0.74664,0.7466,0.7467,0.74663,-1
2016-05-04T23:35:00Z,,0.7467,0.74663,0.7467,0.74668,0.74663,0.74659,0.7467,0.74666,-1
2016-05-04T23:36:00Z,,0.7467,0.74666,0.7467,0.74666,0.74661,0.74659,0.74663,0.74659,-1
2016-05-04T23:37:00Z,,0.74663,0.74659,0.74664,0.74661,0.74659,0.74656,0.74663,0.74661,-1
2016-05-04T23:38:00Z,,0.74663,0.74661,0.74663,0.74661,0.74659,0.74655,0.7466,0.74655,-1
2016-05-04T23:39:00Z,,0.7466,0.74655,0.74663,0.74658,0.74655,0.7465,0.74655,0.74654,-1
2016-05-04T23:40:00Z,,0.74655,0.74654,0.74656,0.74654,0.74646,0.74644,0.74649,0.74644,-1
2016-05-04T23:41:00Z,,0.74649,0.74644,0.7465,0.74645,0.74648,0.74644,0.74648,0.74644,-1
2016-05-04T23:42:00Z,,0.74648,0.74644,0.74654,0.74651,0.74648,0.74643,0.74652,0.74649,-1
2016-05-04T23:43:00Z,,0.74652,0.74649,0.74668,0.74666,0.74652,0.74649,0.74667,0.74666,-1
2016-05-04T23:44:00Z,,0.74667,0.74666,0.7467,0.74667,0.74666,0.74664,0.74669,0.74666,-1
2016-05-04T23:45:00Z,,0.74669,0.74666,0.7467,0.74667,0.74666,0.74663,0.74668,0.74664,-1
2016-05-04T23:46:00Z,,0.74668,0.74664,0.74668,0.74665,0.7466,0.74655,0.7466,0.74657,-1
2016-05-04T23:47:00Z,,0.7466,0.74657,0.7466,0.74657,0.74659,0.74654,0.74659,0.74655,-1
2016-05-04T23:48:00Z,,0.74659,0.74655,0.7466,0.74656,0.74655,0.74654,0.74656,0.74654,-1
2016-05-04T23:49:00Z,,0.74656,0.74654,0.74656,0.74654,0.74639,0.74637,0.74643,0.7464,-1
2016-05-04T23:50:00Z,,0.74643,0.7464,0.74659,0.74655,0.74638,0.74637,0.74656,0.74653,-1
2016-05-04T23:51:00Z,,0.74656,0.74653,0.74659,0.74657,0.74655,0.74652,0.74655,0.74654,-1
2016-05-04T23:52:00Z,,0.74655,0.74654,0.74655,0.74654,0.74646,0.74642,0.74646,0.74642,-1
2016-05-04T23:53:00Z,,0.74646,0.74642,0.7465,0.74647,0.74646,0.74642,0.74647,0.74645,-1
2016-05-04T23:54:00Z,,0.74647,0.74645,0.74659,0.74655,0.74647,0.74644,0.74657,0.74655,-1
2016-05-04T23:55:00Z,,0.74657,0.74655,0.74661,0.7466,0.74657,0.74654,0.74661,0.74657,-1
2016-05-04T23:56:00Z,,0.74661,0.74657,0.74661,0.74657,0.74659,0.74655,0.74659,0.74655,-1
2016-05-04T23:57:00Z,,0.74659,0.74655,0.7466,0.74655,0.74654,0.74652,0.74658,0.74655,-1
2016-05-04T23:58:00Z,,0.74658,0.74655,0.74658,0.74655,0.74646,0.74644,0.74649,0.74645,-1
2016-05-04T23:59:00Z,,0.74649,0.74645,0.74649,0.74646,0.74641,0.74638,0.74646,0.74645,-1
2016-05-05T00:00:00Z,,0.74646,0.74645,0.74649,0.74647,0.74615,0.74614,0.74629,0.74625,-1
2016-05-05T00:01:00Z,,0.74629,0.74625,0.74638,0.74635,0.74622,0.74621,0.74636,0.74632,-1
2016-05-05T00:02:00Z,,0.74636,0.74632,0.7465,0.74648,0.74635,0.74632,0.74646,0.74645,-1
2016-05-05T00:03:00Z,,0.74646,0.74645,0.7465,0.74645,0.74645,0.74643,0.7465,0.74645,-1
2016-05-05T00:04:00Z,,0.7465,0.74645,0.7466,0.74657,0.74644,0.74643,0.7465,0.74648,-1
2016-05-05T00:05:00Z,,0.7465,0.74648,0.7465,0.74649,0.74648,0.74644,0.7465,0.74649,-1
2016-05-05T00:06:00Z,,0.7465,0.74649,0.74651,0.7465,0.74635,0.74634,0.74635,0.74634,-1
2016-05-05T00:07:00Z,,0.74635,0.74634,0.74636,0.74634,0.74634,0.74631,0.74634,0.74631,-1
2016-05-05T00:08:00Z,,0.74634,0.74631,0.74635,0.74633,0.74625,0.74622,0.74627,0.74622,-1
2016-05-05T00:09:00Z,,0.74627,0.74622,0.74628,0.74623,0.74613,0.74611,0.74615,0.74613,-1
2016-05-05T00:10:00Z,,0.74615,0.74613,0.74615,0.74613,0.74598,0.74594,0.74605,0.74602,-1
2016-05-05T00:11:00Z,,0.74605,0.74602,0.74607,0.74606,0.74597,0.74594,0.74606,0.74603,-1
2016-05-05T00:12:00Z,,0.74606,0.74603,0.74607,0.74604,0.74586,0.74582,0.74588,0.74584,-1
2016-05-05T00:13:00Z,,0.74588,0.74584,0.74593,0.74591,0.74586,0.74584,0.74588,0.74584,-1
2016-05-05T00:14:00Z,,0.74588,0.74584,0.74589,0.74587,0.74588,0.74584,0.74588,0.74586,-1
2016-05-05T00:15:00Z,,0.74588,0.74586,0.74599,0.74596,0.74588,0.74585,0.74598,0.74595,-1
2016-05-05T00:16:00Z,,0.74598,0.74595,0.74608,0.74605,0.74598,0.74595,0.74606,0.74601,-1
2016-05-05T00:17:00Z,,0.74606,0.74601,0.74607,0.74604,0.74606,0.74601,0.74607,0.74603,-1
2016-05-05T00:18:00Z,,0.74607,0.74603,0.74609,0.74604,0.74602,0.74596,0.74609,0.74604,-1
2016-05-05T00:19:00Z,,0.74609,0.74604,0.74609,0.74605,0.74604,0.74602,0.74604,0.74603,-1
2016-05-05T00:20:00Z,,0.74604,0.74603,0.74617,0.74615,0.74604,0.74603,0.74608,0.74605,-1
2016-05-05T00:21:00Z,,0.74608,0.74605,0.74618,0.74615,0.74608,0.74605,0.74615,0.74614,-1
2016-05-05T00:22:00Z,,0.74615,0.74614,0.74621,0.74618,0.74605,0.74601,0.7461,0.74605,-1
2016-05-05T00:23:00Z,,0.7461,0.74605,0.74617,0.74614,0.74609,0.74605,0.74617,0.74614,-1
2016-05-05T00:24:00Z,,0.74617,0.74614,0.74619,0.74617,0.74612,0.74609,0.74619,0.74616,-1
2016-05-05T00:25:00Z,,0.74619,0.74616,0.74629,0.74625,0.74617,0.74613,0.74618,0.74613,-1
2016-05-05T00:26:00Z,,0.74618,0.74613,0.74618,0.74613,0.7461,0.74605,0.74614,0.74613,-1
2016-05-05T00:27:00Z,,0.74614,0.74613,0.7462,0.74615,0.74614,0.74613,0.74616,0.74613,-1
2016-05-05T00:28:00Z,,0.74616,0.74613,0.7462,0.74617,0.74616,0.74613,0.74618,0.74615,-1
2016-05-05T00:29:00Z,,0.74618,0.74615,0.7462,0.74616,0.74611,0.7461,0.74614,0.74613,-1
2016-05-05T00:30:00Z,,0.74614,0.74613,0.7462,0.74617,0.74612,0.74611,0.74619,0.74616,-1
2016-05-05T00:31:00Z,,0.74619,0.74616,0.7462,0.74617,0.74616,0.74614,0.74619,0.74615,-1
2016-05-05T00:32:00Z,,0.74619,0.74615,0.74619,0.74616,0.74608,0.74606,0.74608,0.74606,-1
2016-05-05T00:33:00Z,,0.74608,0.74606,0.74609,0.74606,0.74587,0.74585,0.74605,0.74603,-1
2016-05-05T00:34:00Z,,0.74605,0.74603,0.74611,0.74607,0.74596,0.74594,0.74596,0.74594,-1
2016-05-05T00:35:00Z,,0.74596,0.74594,0.74597,0.74594,0.74589,0.74587,0.7459,0.74588,-1
2016-05-05T00:36:00Z,,0.7459,0.74588,0.74596,0.74594,0.7459,0.74588,0.74595,0.74591,-1
2016-05-05T00:37:00Z,,0.74595,0.74591,0.74596,0.74592,0.74591,0.74587,0.74594,0.7459,-1
2016-05-05T00:38:00Z,,0.74594,0.7459,0.74594,0.7459,0.74588,0.74586,0.74589,0.74586,-1
2016-05-05T00:39:00Z,,0.74589,0.74586,0.74589,0.74586,0.74581,0.74578,0.74587,0.74582,-1
2016-05-05T00:40:00Z,,0.74587,0.74582,0.74588,0.74586,0.7458,0.74578,0.74587,0.74582,-1
2016-05-05T00:41:00Z,,0.74587,0.74582,0.74598,0.74594,0.74581,0.74579,0.74598,0.74594,-1
2016-05-05T00:42:00Z,,0.74598,0.74594,0.74603,0.746,0.74595,0.74594,0.74598,0.74594,-1
2016-05-05T00:43:00Z,,0.74598,0.74594,0.746,0.74595,0.74594,0.74593,0.74597,0.74594,-1
2016-05-05T00:44:00Z,,0.74597,0.74594,0.74599,0.74595,0.74594,0.74593,0.74597,0.74595,-1
2016-05-05T00:45:00Z,,0.74597,0.74595,0.74599,0.74596,0.74579,0.74574,0.7458,0.74575,-1
2016-05-05T00:46:00Z,,0.7458,0.74575,0.74585,0.74583,0.74575,0.74573,0.74575,0.74573,-1
2016-05-05T00:47:00Z,,0.74575,0.74573,0.74577,0.74574,0.74569,0.74567,0.74577,0.74574,-1
2016-05-05T00:48:00Z,,0.74577,0.74574,0.74578,0.74575,0.74576,0.74574,0.74577,0.74574,-1
2016-05-05T00:49:00Z,,0.74577,0.74574,0.74578,0.74576,0.74576,0.74573,0.74578,0.74575,-1
2016-05-05T00:50:00Z,,0.74578,0.74575,0.74579,0.74575,0.74575,0.74573,0.74575,0.74573,-1
2016-05-05T00:51:00Z,,0.74575,0.74573,0.7458,0.74577,0.74571,0.74569,0.74577,0.74575,-1
2016-05-05T00:52:00Z,,0.74577,0.74575,0.7459,0.74588,0.74577,0.74575,0.74583,0.74581,-1
2016-05-05T00:53:00Z,,0.74583,0.74581,0.74595,0.74593,0.74583,0.74581,0.74593,0.74592,-1
2016-05-05T00:54:00Z,,0.74593,0.74592,0.74593,0.74592,0.74585,0.74583,0.74589,0.74584,-1
2016-05-05T00:55:00Z,,0.74589,0.74584,0.74589,0.74585,0.74584,0.7458,0.74585,0.74583,-1
2016-05-05T00:56:00Z,,0.74585,0.74583,0.74586,0.74584,0.74573,0.74572,0.74577,0.74573,-1
2016-05-05T00:57:00Z,,0.74577,0.74573,0.74591,0.7459,0.74575,0.74573,0.74585,0.74583,-1
2016-05-05T00:58:00Z,,0.74585,0.74583,0.74585,0.74583,0.74575,0.74573,0.74577,0.74574,-1
2016-05-05T00:59:00Z,,0.74577,0.74574,0.74592,0.74589,0.74575,0.74573,0.74589,0.74585,-1
2016-05-05T01:00:00Z,,0.74589,0.74585,0.74597,0.74595,0.74585,0.74583,0.74596,0.74595,-1
2016-05-05T01:01:00Z,,0.74596,0.74595,0.74618,0.74616,0.74593,0.7459,0.74607,0.74605,-1
2016-05-05T01:02:00Z,,0.74607,0.74605,0.74611,0.74608,0.74605,0.74602,0.74607,0.74604,-1
2016-05-05T01:03:00Z,,0.74607,0.74604,0.74629,0.74625,0.74607,0.74604,0.74628,0.74625,-1
2016-05-05T01:04:00Z,,0.74628,0.74625,0.74639,0.74636,0.74625,0.74623,0.74639,0.74636,-1
2016-05-05T01:05:00Z,,0.74639,0.74636,0.74648,0.74644,0.74635,0.74633,0.74645,0.74643,-1
2016-05-05T01:06:00Z,,0.74645,0.74643,0.74651,0.74649,0.7464,0.74635,0.74641,0.74638,-1
2016-05-05T01:07:00Z,,0.74641,0.74638,0.74644,0.7464,0.74631,0.74628,0.74634,0.7463,-1
2016-05-05T01:08:00Z,,0.74634,0.7463,0.74648,0.74645,0.74634,0.7463,0.74646,0.74645,-1
2016-05-05T01:09:00Z,,0.74646,0.74645,0.74649,0.74645,0.74635,0.74634,0.74647,0.74644,-1
2016-05-05T01:10:00Z,,0.74647,0.74644,0.74661,0.74659,0.74647,0.74644,0.74661,0.74659,-1
2016-05-05T01:11:00Z,,0.74661,0.74659,0.7468,0.74679,0.74661,0.74659,0.74678,0.74675,-1
2016-05-05T01:12:00Z,,0.74678,0.74675,0.74691,0.7469,0.74678,0.74675,0.74688,0.74685,-1
2016-05-05T01:13:00Z,,0.74688,0.74685,0.7469,0.74687,0.74685,0.74683,0.7469,0.74684,-1
2016-05-05T01:14:00Z,,0.7469,0.74684,0.7469,0.74685,0.74677,0.74674,0.74678,0.74674,-1
2016-05-05T01:15:00Z,,0.74678,0.74674,0.74689,0.74685,0.74616,0.74612,0.74671,0.74668,-1
2016-05-05T01:16:00Z,,0.74671,0.74668,0.74686,0.74683,0.74658,0.74657,0.74676,0.74673,-1
2016-05-05T01:17:00Z,,0.74676,0.74673,0.74678,0.74677,0.74656,0.74655,0.74656,0.74655,-1
2016-05-05T01:18:00Z,,0.74656,0.74655,0.74669,0.74666,0.74656,0.74655,0.74667,0.74664,-1
2016-05-05T01:19:00Z,,0.74667,0.74664,0.74689,0.74687,0.74666,0.74664,0.74686,0.74683,-1
2016-05-05T01:20:00Z,,0.74686,0.74683,0.74716,0.74715,0.74686,0.74683,0.74708,0.74705,-1
2016-05-05T01:21:00Z,,0.74708,0.74705,0.74739,0.74735,0.74708,0.74705,0.74732,0.74728,-1
2016-05-05T01:22:00Z,,0.74732,0.74728,0.74738,0.74732,0.74724,0.74721,0.74728,0.74724,-1
2016-05-05T01:23:00Z,,0.74728,0.74724,0.74728,0.74725,0.74709,0.74707,0.74709,0.74707,-1
2016-05-05T01:24:00Z,,0.74709,0.74707,0.7471,0.74707,0.74702,0.74698,0.7471,0.74706,-1
2016-05-05T01:25:00Z,,0.7471,0.74706,0.74718,0.74715,0.7471,0.74705,0.74716,0.74715,-1
2016-05-05T01:26:00Z,,0.74716,0.74715,0.74727,0.74726,0.74714,0.74713,0.74718,0.74716,-1
2016-05-05T01:27:00Z,,0.74718,0.74716,0.74735,0.7473,0.74717,0.74714,0.74728,0.74725,-1
2016-05-05T01:28:00Z,,0.74728,0.74725,0.74729,0.74727,0.74726,0.74724,0.74727,0.74726,-1
2016-05-05T01:29:00Z,,0.74727,0.74726,0.74785,0.74762,0.74727,0.74725,0.74785,0.74755,-1
2016-05-05T01:30:00Z,,0.74785,0.74755,0.74871,0.74866,0.74781,0.74754,0.74853,0.74846,-1
2016-05-05T01:31:00Z,,0.74853,0.74846,0.74887,0.74882,0.74843,0.74839,0.74887,0.74882,-1
2016-05-05T01:32:00Z,,0.74887,0.74882,0.74925,0.74923,0.74881,0.74877,0.74899,0.74894,-1
2016-05-05T01:33:00Z,,0.74899,0.74894,0.74899,0.74895,0.74865,0.74864,0.7489,0.74889,-1
2016-05-05T01:34:00Z,,0.7489,0.74889,0.74891,0.74889,0.74873,0.7487,0.7488,0.74877,-1
2016-05-05T01:35:00Z,,0.7488,0.74877,0.7488,0.74877,0.74852,0.74851,0.74859,0.74856,-1
2016-05-05T01:36:00Z,,0.74859,0.74856,0.74882,0.74879,0.74854,0.74852,0.74865,0.74863,-1
2016-05-05T01:37:00Z,,0.74865,0.74863,0.7488,0.74876,0.74865,0.7486,0.74874,0.7487,-1
2016-05-05T01:38:00Z,,0.74874,0.7487,0.74877,0.74874,0.74859,0.74855,0.74866,0.74865,-1
2016-05-05T01:39:00Z,,0.74866,0.74865,0.74869,0.74868,0.74853,0.74851,0.74869,0.74867,-1
2016-05-05T01:40:00Z,,0.74869,0.74867,0.74884,0.74881,0.74862,0.74861,0.7488,0.74877,-1
2016-05-05T01:41:00Z,,0.7488,0.74877,0.74899,0.74896,0.74878,0.74876,0.74889,0.74887,-1
2016-05-05T01:42:00Z,,0.74889,0.74887,0.74895,0.74892,0.74867,0.74864,0.74867,0.74864,-1
2016-05-05T01:43:00Z,,0.74867,0.74864,0.74876,0.74871,0.7484,0.74838,0.74846,0.74844,-1
2016-05-05T01:44:00Z,,0.74846,0.74844,0.74867,0.74865,0.74845,0.7484,0.74865,0.74864,-1
2016-05-05T01:45:00Z,,0.74865,0.74864,0.74866,0.74864,0.74812,0.7481,0.74815,0.74814,-1
2016-05-05T01:46:00Z,,0.74815,0.74814,0.74868,0.74866,0.74815,0.74814,0.74844,0.7484,-1
2016-05-05T01:47:00Z,,0.74844,0.7484,0.74868,0.74864,0.74827,0.74825,0.7485,0.74844,-1
2016-05-05T01:48:00Z,,0.7485,0.74844,0.74872,0.74868,0.74838,0.74836,0.74869,0.74866,-1
2016-05-05T01:49:00Z,,0.74869,0.74866,0.7487,0.74866,0.74857,0.74851,0.74858,0.74854,-1
2016-05-05T01:50:00Z,,0.74858,0.74854,0.74865,0.74863,0.74858,0.74853,0.74865,0.7486,-1
2016-05-05T01:51:00Z,,0.74865,0.7486,0.74885,0.74881,0.7486,0.74855,0.74879,0.74874,-1
2016-05-05T01:52:00Z,,0.74879,0.74874,0.74897,0.74894,0.74875,0.74872,0.74895,0.74893,-1
2016-05-05T01:53:00Z,,0.74895,0.74893,0.74896,0.74893,0.74882,0.74881,0.74888,0.74885,-1
2016-05-05T01:54:00Z,,0.74888,0.74885,0.7489,0.74885,0.74885,0.74882,0.74885,0.74883,-1
2016-05-05T01:55:00Z,,0.74885,0.74883,0.74885,0.74883,0.74865,0.74863,0.74877,0.74875,-1
2016-05-05T01:56:00Z,,0.74877,0.74875,0.74885,0.74884,0.74865,0.74863,0.74885,0.74883,-1
2016-05-05T01:57:00Z,,0.74885,0.74883,0.74897,0.74893,0.74876,0.74871,0.74876,0.74874,-1
2016-05-05T01:58:00Z,,0.74876,0.74874,0.74878,0.74877,0.74868,0.74865,0.74873,0.7487,-1
2016-05-05T01:59:00Z,,0.74873,0.7487,0.74874,0.74872,0.74868,0.74863,0.74874,0.74872,-1
2016-05-05T02:00:00Z,,0.74874,0.74872,0.74887,0.74885,0.7487,0.74868,0.74886,0.74884,-1
2016-05-05T02:01:00Z,,0.74886,0.74884,0.74895,0.74892,0.74884,0.74882,0.74895,0.74892,-1
2016-05-05T02:02:00Z,,0.74895,0.74892,0.74895,0.74892,0.74886,0.74883,0.74886,0.74884,-1
2016-05-05T02:03:00Z,,0.74886,0.74884,0.74887,0.74884,0.74875,0.74873,0.74877,0.74874,-1
2016-05-05T02:04:00Z,,0.74877,0.74874,0.74879,0.74875,0.74877,0.74873,0.74879,0.74875,-1
2016-05-05T02:05:00Z,,0.74879,0.74875,0.7489,0.74888,0.74879,0.74875,0.74884,0.74881,-1
2016-05-05T02:06:00Z,,0.74884,0.74881,0.74888,0.74885,0.74879,0.74876,0.74879,0.74878,-1
2016-05-05T02:07:00Z,,0.74879,0.74878,0.74881,0.74879,0.74878,0.74877,0.7488,0.74879,-1
2016-05-05T02:08:00Z,,0.7488,0.74879,0.7488,0.74879,0.74875,0.7487,0.74875,0.74871,-1
2016-05-05T02:09:00Z,,0.74875,0.74871,0.74875,0.74872,0.74866,0.74862,0.74866,0.74863,-1
2016-05-05T02:10:00Z,,0.74866,0.74863,0.74875,0.74874,0.74864,0.74862,0.74864,0.74862,-1
2016-05-05T02:11:00Z,,0.74864,0.74862,0.74866,0.74864,0.7485,0.74846,0.74855,0.74851,-1
2016-05-05T02:12:00Z,,0.74855,0.74851,0.74866,0.74865,0.7485,0.74846,0.74866,0.74865,-1
2016-05-05T02:13:00Z,,0.74866,0.74865,0.74867,0.74865,0.74862,0.74859,0.74867,0.74865,-1
2016-05-05T02:14:00Z,,0.74867,0.74865,0.74869,0.74865,0.74863,0.74861,0.74869,0.74865,-1
2016-05-05T02:15:00Z,,0.74869,0.74865,0.74869,0.74865,0.74865,0.74863,0.74868,0.74863,-1
2016-05-05T02:16:00Z,,0.74868,0.74863,0.74869,0.74864,0.74856,0.74855,0.74858,0.74855,-1
2016-05-05T02:17:00Z,,0.74858,0.74855,0.74859,0.74856,0.74852,0.7485,0.74858,0.74856,-1
2016-05-05T02:18:00Z,,0.74858,0.74856,0.74861,0.74858,0.74853,0.74851,0.74856,0.74854,-1
2016-05-05T02:19:00Z,,0.74856,0.74854,0.74862,0.74858,0.74855,0.7485,0.7486,0.74856,-1
2016-05-05T02:20:00Z,,0.7486,0.74856,0.74878,0.74876,0.74858,0.74854,0.74878,0.74876,-1
2016-05-05T02:21:00Z,,0.74878,0.74876,0.74889,0.74887,0.74877,0.74874,0.74889,0.74887,-1
2016-05-05T02:22:00Z,,0.74889,0.74887,0.74899,0.74896,0.74884,0.74883,0.74898,0.74896,-1
2016-05-05T02:23:00Z,,0.74898,0.74896,0.74905,0.749,0.74898,0.74896,0.749,0.74897,-1
2016-05-05T02:24:00Z,,0.749,0.74897,0.74923,0.7492,0.74899,0.74897,0.74921,0.7492,-1
2016-05-05T02:25:00Z,,0.74921,0.7492,0.74924,0.74923,0.7492,0.74917,0.7492,0.74918,-1
2016-05-05T02:26:00Z,,0.7492,0.74918,0.74921,0.74919,0.749,0.74897,0.749,0.74897,-1
2016-05-05T02:27:00Z,,0.749,0.74897,0.74908,0.74905,0.74899,0.74895,0.74899,0.74895,-1
2016-05-05T02:28:00Z,,0.74899,0.74895,0.74906,0.74904,0.74898,0.74894,0.74906,0.74902,-1
2016-05-05T02:29:00Z,,0.74906,0.74902,0.74907,0.74902,0.74899,0.74895,0.74901,0.74896,-1
2016-05-05T02:30:00Z,,0.74901,0.74896,0.74901,0.74898,0.74896,0.74893,0.74896,0.74893,-1
2016-05-05T02:31:00Z,,0.74896,0.74893,0.74896,0.74893,0.74885,0.74884,0.74887,0.74885,-1
2016-05-05T02:32:00Z,,0.74887,0.74885,0.74887,0.74885,0.74878,0.74874,0.7488,0.74874,-1
2016-05-05T02:33:00Z,,0.7488,0.74874,0.74887,0.74884,0.74875,0.74872,0.74887,0.74884,-1
2016-05-05T02:34:00Z,,0.74887,0.74884,0.74887,0.74884,0.74877,0.74872,0.74877,0.74872,-1
2016-05-05T02:35:00Z,,0.74877,0.74872,0.74889,0.74886,0.74872,0.7487,0.74889,0.74886,-1
2016-05-05T02:36:00Z,,0.74889,0.74886,0.74898,0.74896,0.74888,0.74886,0.74888,0.74886,-1
2016-05-05T02:37:00Z,,0.74888,0.74886,0.74889,0.74886,0.74883,0.7488,0.74885,0.74881,-1
2016-05-05T02:38:00Z,,0.74885,0.74881,0.74885,0.74884,0.74876,0.74873,0.74877,0.74874,-1
2016-05-05T02:39:00Z,,0.74877,0.74874,0.74878,0.74875,0.74866,0.74861,0.74869,0.74867,-1
2016-05-05T02:40:00Z,,0.74869,0.74867,0.74869,0.74867,0.74856,0.74851,0.74867,0.74863,-1
2016-05-05T02:41:00Z,,0.74867,0.74863,0.74879,0.74878,0.74863,0.7486,0.74876,0.74875,-1
2016-05-05T02:42:00Z,,0.74876,0.74875,0.74876,0.74875,0.74864,0.74859,0.74868,0.74863,-1
2016-05-05T02:43:00Z,,0.74868,0.74863,0.7489,0.74887,0.74868,0.74863,0.74886,0.74883,-1
2016-05-05T02:44:00Z,,0.74886,0.74883,0.74898,0.74895,0.74885,0.74882,0.74896,0.74893,-1
2016-05-05T02:45:00Z,,0.74896,0.74893,0.749,0.74898,0.74895,0.74893,0.74898,0.74897,-1
2016-05-05T02:46:00Z,,0.74898,0.74897,0.74902,0.749,0.74897,0.74893,0.74899,0.74896,-1
2016-05-05T02:47:00Z,,0.74899,0.74896,0.74907,0.74905,0.74899,0.74896,0.74907,0.74905,-1
2016-05-05T02:48:00Z,,0.74907,0.74905,0.74915,0.74913,0.74907,0.74905,0.74909,0.74905,-1
2016-05-05T02:49:00Z,,0.74909,0.74905,0.74909,0.74907,0.74898,0.74894,0.74899,0.74896,-1
2016-05-05T02:50:00Z,,0.74899,0.74896,0.74907,0.74906,0.7489,0.74886,0.74905,0.74903,-1
2016-05-05T02:51:00Z,,0.74905,0.74903,0.74909,0.74907,0.749,0.74898,0.74904,0.74902,-1
2016-05-05T02:52:00Z,,0.74904,0.74902,0.7491,0.74906,0.74904,0.74902,0.74908,0.74904,-1
2016-05-05T02:53:00Z,,0.74908,0.74904,0.7492,0.74915,0.74908,0.74904,0.7491,0.74906,-1
2016-05-05T02:54:00Z,,0.7491,0.74906,0.74915,0.74912,0.74906,0.74905,0.74914,0.74911,-1
2016-05-05T02:55:00Z,,0.74914,0.74911,0.74919,0.74916,0.74908,0.74905,0.74908,0.74906,-1
2016-05-05T02:56:00Z,,0.74908,0.74906,0.74919,0.74915,0.74907,0.74905,0.74914,0.74911,-1
2016-05-05T02:57:00Z,,0.74914,0.74911,0.7492,0.74918,0.74909,0.74906,0.74919,0.74915,-1
2016-05-05T02:58:00Z,,0.74919,0.74915,0.74927,0.74924,0.74913,0.74911,0.74926,0.74923,-1
2016-05-05T02:59:00Z,,0.74926,0.74923,0.74936,0.74933,0.74925,0.74923,0.74929,0.74925,-1
2016-05-05T03:00:00Z,,0.74929,0.74925,0.74929,0.74925,0.74919,0.74917,0.74925,0.74922,-1
2016-05-05T03:01:00Z,,0.74925,0.74922,0.74929,0.74926,0.7492,0.74917,0.74929,0.74925,-1
2016-05-05T03:02:00Z,,0.74929,0.74925,0.74929,0.74925,0.74922,0.7492,0.74922,0.7492,-1
2016-05-05T03:03:00Z,,0.74922,0.7492,0.74939,0.74937,0.7492,0.74918,0.74939,0.74935,-1
2016-05-05T03:04:00Z,,0.74939,0.74935,0.74949,0.74948,0.74939,0.74935,0.74949,0.74946,-1
2016-05-05T03:05:00Z,,0.74949,0.74946,0.74949,0.74947,0.7494,0.74937,0.74945,0.74944,-1
2016-05-05T03:06:00Z,,0.74945,0.74944,0.74948,0.74947,0.7494,0.74938,0.74947,0.74945,-1
2016-05-05T03:07:00Z,,0.74947,0.74945,0.7495,0.74949,0.74946,0.74943,0.74948,0.74945,-1
2016-05-05T03:08:00Z,,0.74948,0.74945,0.74955,0.74953,0.74945,0.74944,0.7495,0.74946,-1
2016-05-05T03:09:00Z,,0.7495,0.74946,0.74957,0.74955,0.74947,0.74942,0.74948,0.74944,-1
2016-05-05T03:10:00Z,,0.74948,0.74944,0.7495,0.74946,0.74947,0.74942,0.7495,0.74945,-1
2016-05-05T03:11:00Z,,0.7495,0.74945,0.74952,0.74951,0.74945,0.74942,0.74947,0.74944,-1
2016-05-05T03:12:00Z,,0.74947,0.74944,0.74947,0.74944,0.74937,0.74935,0.7494,0.74936,-1
2016-05-05T03:13:00Z,,0.7494,0.74936,0.7494,0.74936,0.74933,0.74931,0.74936,0.74935,-1
2016-05-05T03:14:00Z,,0.74936,0.74935,0.74948,0.74945,0.74936,0.74935,0.74941,0.74938,-1
2016-05-05T03:15:00Z,,0.74941,0.74938,0.74942,0.74939,0.74936,0.74933,0.74941,0.74938,-1
2016-05-05T03:16:00Z,,0.74941,0.74938,0.74946,0.74944,0.74935,0.74932,0.74935,0.74932,-1
2016-05-05T03:17:00Z,,0.74935,0.74932,0.74938,0.74937,0.74929,0.74926,0.74929,0.74927,-1
2016-05-05T03:18:00Z,,0.74929,0.74927,0.74929,0.74927,0.74924,0.74921,0.74928,0.74923,-1
2016-05-05T03:19:00Z,,0.74928,0.74923,0.74928,0.74923,0.7492,0.74916,0.74921,0.74918,-1
2016-05-05T03:20:00Z,,0.74921,0.74918,0.74928,0.74927,0.74918,0.74915,0.74919,0.74915,-1
2016-05-05T03:21:00Z,,0.74919,0.74915,0.7492,0.74919,0.74908,0.74904,0.74918,0.74915,-1
2016-05-05T03:22:00Z,,0.74918,0.74915,0.74918,0.74915,0.74907,0.74904,0.74907,0.74905,-1
2016-05-05T03:23:00Z,,0.74907,0.74905,0.74907,0.74905,0.74905,0.74902,0.74907,0.74905,-1
2016-05-05T03:24:00Z,,0.74907,0.74905,0.74907,0.74905,0.74899,0.74896,0.74899,0.74897,-1
2016-05-05T03:25:00Z,,0.74899,0.74897,0.74901,0.74898,0.74898,0.74895,0.74899,0.74895,-1
2016-05-05T03:26:00Z,,0.74899,0.74895,0.749,0.74896,0.74895,0.74894,0.74899,0.74894,-1
2016-05-05T03:27:00Z,,0.74899,0.74894,0.74899,0.74895,0.74897,0.74893,0.74899,0.74895,-1
2016-05-05T03:28:00Z,,0.74899,0.74895,0.749,0.74897,0.74886,0.74884,0.74886,0.74885,-1
2016-05-05T03:29:00Z,,0.74886,0.74885,0.74891,0.74886,0.74884,0.74883,0.74885,0.74883,-1
2016-05-05T03:30:00Z,,0.74885,0.74883,0.74887,0.74883,0.7486,0.74858,0.74863,0.7486,-1
2016-05-05T03:31:00Z,,0.74863,0.7486,0.74868,0.74866,0.74847,0.74844,0.74855,0.74852,-1
2016-05-05T03:32:00Z,,0.74855,0.74852,0.74881,0.74878,0.74855,0.74852,0.7488,0.74877,-1
2016-05-05T03:33:00Z,,0.7488,0.74877,0.7489,0.74885,0.74875,0.74873,0.74876,0.74874,-1
2016-05-05T03:34:00Z,,0.74876,0.74874,0.7488,0.74878,0.74876,0.74873,0.7488,0.74876,-1
2016-05-05T03:35:00Z,,0.7488,0.74876,0.7488,0.74876,0.74878,0.74875,0.74878,0.74875,-1
2016-05-05T03:36:00Z,,0.74878,0.74875,0.7488,0.74879,0.74878,0.74875,0.7488,0.74875,-1
2016-05-05T03:37:00Z,,0.7488,0.74875,0.74886,0.74883,0.74866,0.74863,0.74869,0.74868,-1
2016-05-05T03:38:00Z,,0.74869,0.74868,0.74886,0.74883,0.74868,0.74867,0.74886,0.74882,-1
2016-05-05T03:39:00Z,,0.74886,0.74882,0.74889,0.74885,0.74886,0.74882,0.74888,0.74885,-1
2016-05-05T03:40:00Z,,0.74888,0.74885,0.74889,0.74885,0.74881,0.74879,0.74887,0.74883,-1
2016-05-05T03:41:00Z,,0.74887,0.74883,0.74889,0.74884,0.74885,0.74883,0.74885,0.74883,-1
2016-05-05T03:42:00Z,,0.74885,0.74883,0.74889,0.74886,0.74885,0.74883,0.74888,0.74885,-1
2016-05-05T03:43:00Z,,0.74888,0.74885,0.74899,0.74898,0.74888,0.74884,0.74899,0.74895,-1
2016-05-05T03:44:00Z,,0.74899,0.74895,0.74904,0.74902,0.74895,0.74893,0.74898,0.74895,-1
2016-05-05T03:45:00Z,,0.74898,0.74895,0.749,0.74899,0.74894,0.74893,0.749,0.74897,-1
2016-05-05T03:46:00Z,,0.749,0.74897,0.74935,0.7493,0.749,0.74897,0.7493,0.74926,-1
2016-05-05T03:47:00Z,,0.7493,0.74926,0.74938,0.74936,0.74925,0.74921,0.74937,0.74934,-1
2016-05-05T03:48:00Z,,0.74937,0.74934,0.74938,0.74935,0.74922,0.7492,0.74924,0.74922,-1
2016-05-05T03:49:00Z,,0.74924,0.74922,0.74925,0.74922,0.74922,0.7492,0.74924,0.74922,-1
2016-05-05T03:50:00Z,,0.74924,0.74922,0.74924,0.74922,0.74889,0.74888,0.74889,0.74888,-1
2016-05-05T03:51:00Z,,0.74889,0.74888,0.74889,0.74888,0.74884,0.7488,0.74887,0.74885,-1
2016-05-05T03:52:00Z,,0.74887,0.74885,0.7491,0.74908,0.74887,0.74884,0.74893,0.74892,-1
2016-05-05T03:53:00Z,,0.74893,0.74892,0.74919,0.74916,0.74893,0.74892,0.74917,0.74913,-1
2016-05-05T03:54:00Z,,0.74917,0.74913,0.74921,0.74919,0.74906,0.74904,0.74912,0.74909,-1
2016-05-05T03:55:00Z,,0.74912,0.74909,0.74923,0.7492,0.7491,0.74905,0.7492,0.74918,-1
2016-05-05T03:56:00Z,,0.7492,0.74918,0.74941,0.74937,0.74919,0.74917,0.7494,0.74937,-1
2016-05-05T03:57:00Z,,0.7494,0.74937,0.74941,0.74937,0.7493,0.74927,0.7493,0.74927,-1
2016-05-05T03:58:00Z,,0.7493,0.74927,0.74939,0.74935,0.74926,0.74925,0.74938,0.74933,-1
2016-05-05T03:59:00Z,,0.74938,0.74933,0.74947,0.74944,0.74937,0.74932,0.7494,0.74937,-1
2016-05-05T04:00:00Z,,0.7494,0.74937,0.74957,0.74955,0.74939,0.74934,0.74956,0.74955,-1
2016-05-05T04:01:00Z,,0.74956,0.74955,0.74957,0.74955,0.74944,0.74941,0.7495,0.74945,-1
2016-05-05T04:02:00Z,,0.7495,0.74945,0.7495,0.74945,0.74943,0.7494,0.74945,0.7494,-1
2016-05-05T04:03:00Z,,0.74945,0.7494,0.74947,0.74944,0.74936,0.74934,0.74937,0.74934,-1
2016-05-05T04:04:00Z,,0.74937,0.74934,0.74945,0.74942,0.74934,0.74931,0.74944,0.74941,-1
2016-05-05T04:05:00Z,,0.74944,0.74941,0.74953,0.7495,0.7494,0.74938,0.7494,0.74939,-1
2016-05-05T04:06:00Z,,0.7494,0.74939,0.74948,0.74945,0.74939,0.74935,0.74947,0.74944,-1
2016-05-05T04:07:00Z,,0.74947,0.74944,0.74948,0.74945,0.74934,0.7493,0.74934,0.7493,-1
2016-05-05T04:08:00Z,,0.74934,0.7493,0.74942,0.74939,0.74934,0.74929,0.74939,0.74935,-1
2016-05-05T04:09:00Z,,0.74939,0.74935,0.7494,0.74936,0.74935,0.74933,0.74939,0.74934,-1
2016-05-05T04:10:00Z,,0.74939,0.74934,0.7494,0.74935,0.74927,0.74924,0.74937,0.74932,-1
2016-05-05T04:11:00Z,,0.74937,0.74932,0.74939,0.74937,0.74926,0.74923,0.74938,0.74937,-1
2016-05-05T04:12:00Z,,0.74938,0.74937,0.74938,0.74937,0.74927,0.74924,0.74936,0.74932,-1
2016-05-05T04:13:00Z,,0.74936,0.74932,0.74936,0.74933,0.74927,0.74923,0.74936,0.74933,-1
2016-05-05T04:14:00Z,,0.74936,0.74933,0.74943,0.74938,0.74934,0.7493,0.74935,0.74931,-1
2016-05-05T04:15:00Z,,0.74935,0.74931,0.74937,0.74935,0.74927,0.74923,0.74937,0.74934,-1
2016-05-05T04:16:00Z,,0.74937,0.74934,0.74941,0.74938,0.74935,0.74931,0.74939,0.74937,-1
2016-05-05T04:17:00Z,,0.74939,0.74937,0.7494,0.74939,0.74932,0.74931,0.74935,0.74931,-1
2016-05-05T04:18:00Z,,0.74935,0.74931,0.74939,0.74938,0.74931,0.74928,0.74936,0.74933,-1
2016-05-05T04:19:00Z,,0.74936,0.74933,0.74939,0.74937,0.74936,0.74933,0.74938,0.74933,-1
2016-05-05T04:20:00Z,,0.74938,0.74933,0.74938,0.74935,0.74927,0.74926,0.74928,0.74926,-1
2016-05-05T04:21:00Z,,0.74928,0.74926,0.74948,0.74944,0.74928,0.74926,0.74946,0.74944,-1
2016-05-05T04:22:00Z,,0.74946,0.74944,0.74947,0.74944,0.74944,0.74942,0.74945,0.74942,-1
2016-05-05T04:23:00Z,,0.74945,0.74942,0.74953,0.74952,0.74931,0.74929,0.74936,0.74935,-1
2016-05-05T04:24:00Z,,0.74936,0.74935,0.74936,0.74935,0.74927,0.74925,0.74936,0.74933,-1
2016-05-05T04:25:00Z,,0.74936,0.74933,0.74938,0.74933,0.74933,0.74929,0.74936,0.74933,-1
2016-05-05T04:26:00Z,,0.74936,0.74933,0.74936,0.74933,0.74928,0.74923,0.74934,0.74933,-1
2016-05-05T04:27:00Z,,0.74934,0.74933,0.74936,0.74933,0.74927,0.74923,0.74934,0.74932,-1
2016-05-05T04:28:00Z,,0.74934,0.74932,0.74935,0.74933,0.74923,0.74922,0.74925,0.74923,-1
2016-05-05T04:29:00Z,,0.74925,0.74923,0.74927,0.74925,0.74925,0.7492,0.74925,0.74923,-1
2016-05-05T04:30:00Z,,0.74925,0.74923,0.74925,0.74923,0.74899,0.74896,0.74901,0.74899,-1
2016-05-05T04:31:00Z,,0.74901,0.74899,0.74905,0.749,0.74896,0.74892,0.74896,0.74893,-1
2016-05-05T04:32:00Z,,0.74896,0.74893,0.74899,0.74895,0.74889,0.74885,0.74889,0.74885,-1
2016-05-05T04:33:00Z,,0.74889,0.74885,0.7489,0.74886,0.74884,0.74881,0.74888,0.74883,-1
2016-05-05T04:34:00Z,,0.74888,0.74883,0.74889,0.74885,0.74882,0.74879,0.74883,0.74879,-1
2016-05-05T04:35:00Z,,0.74883,0.74879,0.74883,0.7488,0.74873,0.7487,0.74876,0.74872,-1
2016-05-05T04:36:00Z,,0.74876,0.74872,0.74877,0.74875,0.7487,0.74869,0.74875,0.74873,-1
2016-05-05T04:37:00Z,,0.74875,0.74873,0.7488,0.74876,0.74875,0.74873,0.74877,0.74873,-1
2016-05-05T04:38:00Z,,0.74877,0.74873,0.74887,0.74884,0.74877,0.74873,0.74883,0.7488,-1
2016-05-05T04:39:00Z,,0.74883,0.7488,0.7489,0.74889,0.74883,0.7488,0.7489,0.74887,-1
2016-05-05T04:40:00Z,,0.7489,0.74887,0.74895,0.74892,0.74887,0.74883,0.74889,0.74885,-1
2016-05-05T04:41:00Z,,0.74889,0.74885,0.74892,0.74889,0.74887,0.74884,0.74889,0.74886,-1
2016-05-05T04:42:00Z,,0.74889,0.74886,0.74891,0.74888,0.74885,0.74883,0.74887,0.74885,-1
2016-05-05T04:43:00Z,,0.74887,0.74885,0.74889,0.74885,0.74883,0.7488,0.74887,0.74885,-1
2016-05-05T04:44:00Z,,0.74887,0.74885,0.74888,0.74885,0.74887,0.74885,0.74888,0.74885,-1
2016-05-05T04:45:00Z,,0.74888,0.74885,0.74898,0.74897,0.74888,0.74885,0.74898,0.74894,-1
2016-05-05T04:46:00Z,,0.74898,0.74894,0.74906,0.74903,0.74898,0.74894,0.74906,0.74902,-1
2016-05-05T04:47:00Z,,0.74906,0.74902,0.74922,0.7492,0.74904,0.749,0.7492,0.74916,-1
2016-05-05T04:48:00Z,,0.7492,0.74916,0.74922,0.74918,0.74915,0.7491,0.74919,0.74915,-1
2016-05-05T04:49:00Z,,0.74919,0.74915,0.74945,0.74943,0.74919,0.74915,0.74935,0.74933,-1
2016-05-05T04:50:00Z,,0.74935,0.74933,0.74945,0.74943,0.74935,0.7493,0.74941,0.74937,-1
2016-05-05T04:51:00Z,,0.74941,0.74937,0.74941,0.74937,0.74927,0.74922,0.74927,0.74922,-1
2016-05-05T04:52:00Z,,0.74927,0.74922,0.74929,0.74926,0.74927,0.74922,0.74928,0.74924,-1
2016-05-05T04:53:00Z,,0.74928,0.74924,0.74935,0.74933,0.74928,0.74924,0.74935,0.74933,-1
2016-05-05T04:54:00Z,,0.74935,0.74933,0.7494,0.74936,0.74933,0.74931,0.74937,0.74935,-1
2016-05-05T04:55:00Z,,0.74937,0.74935,0.7494,0.74936,0.74935,0.74934,0.74938,0.74936,-1
2016-05-05T04:56:00Z,,0.74938,0.74936,0.74953,0.74949,0.74938,0.74936,0.74953,0.74949,-1
2016-05-05T04:57:00Z,,0.74953,0.74949,0.74953,0.74949,0.74945,0.74944,0.7495,0.74945,-1
2016-05-05T04:58:00Z,,0.7495,0.74945,0.7495,0.74945,0.74939,0.74935,0.74939,0.74936,-1
2016-05-05T04:59:00Z,,0.74939,0.74936,0.74939,0.74938,0.74935,0.74933,0.74937,0.74933,-1
2016-05-05T05:00:00Z,,0.74937,0.74933,0.74955,0.7495,0.74934,0.74932,0.74949,0.74944,-1
2016-05-05T05:01:00Z,,0.74949,0.74944,0.7496,0.74957,0.74949,0.74943,0.7496,0.74957,-1
2016-05-05T05:02:00Z,,0.7496,0.74957,0.74985,0.74983,0.7496,0.74956,0.74975,0.74973,-1
2016-05-05T05:03:00Z,,0.74975,0.74973,0.75004,0.75003,0.74968,0.74966,0.75004,0.75003,-1
2016-05-05T05:04:00Z,,0.75004,0.75003,0.75005,0.75003,0.74987,0.74984,0.74989,0.74986,-1
2016-05-05T05:05:00Z,,0.74989,0.74986,0.7499,0.74988,0.74979,0.74977,0.7498,0.74979,-1
2016-05-05T05:06:00Z,,0.7498,0.74979,0.74987,0.74983,0.74974,0.74972,0.74974,0.74972,-1
2016-05-05T05:07:00Z,,0.74974,0.74972,0.74977,0.74975,0.74974,0.74971,0.74977,0.74975,-1
2016-05-05T05:08:00Z,,0.74977,0.74975,0.75006,0.75005,0.74977,0.74974,0.75005,0.75004,-1
2016-05-05T05:09:00Z,,0.75005,0.75004,0.75015,0.75012,0.74996,0.74995,0.74996,0.74995,-1
2016-05-05T05:10:00Z,,0.74996,0.74995,0.75013,0.75012,0.74994,0.74991,0.7501,0.75006,-1
2016-05-05T05:11:00Z,,0.7501,0.75006,0.75019,0.75016,0.75005,0.75004,0.75008,0.75007,-1
2016-05-05T05:12:00Z,,0.75008,0.75007,0.75038,0.75034,0.75008,0.75004,0.75035,0.75034,-1
2016-05-05T05:13:00Z,,0.75035,0.75034,0.75042,0.7504,0.75026,0.75022,0.75031,0.75025,-1
2016-05-05T05:14:00Z,,0.75031,0.75025,0.7504,0.75036,0.75026,0.75023,0.75027,0.75024,-1
2016-05-05T05:15:00Z,,0.75027,0.75024,0.7503,0.75028,0.75017,0.75016,0.75029,0.75026,-1
2016-05-05T05:16:00Z,,0.75029,0.75026,0.75031,0.75029,0.75029,0.75024,0.75031,0.75029,-1
2016-05-05T05:17:00Z,,0.75031,0.75029,0.75031,0.75029,0.75023,0.75022,0.75026,0.75023,-1
2016-05-05T05:18:00Z,,0.75026,0.75023,0.75028,0.75025,0.75,0.74997,0.75003,0.75001,-1
2016-05-05T05:19:00Z,,0.75003,0.75001,0.75013,0.7501,0.74997,0.74996,0.75003,0.75,-1
2016-05-05T05:20:00Z,,0.75003,0.75,0.75009,0.75005,0.75,0.74997,0.75008,0.75005,-1
2016-05-05T05:21:00Z,,0.75008,0.75005,0.7502,0.75017,0.75008,0.75005,0.75018,0.75016,-1
2016-05-05T05:22:00Z,,0.75018,0.75016,0.75028,0.75026,0.75018,0.75016,0.75028,0.75024,-1
2016-05-05T05:23:00Z,,0.75028,0.75024,0.75038,0.75034,0.75025,0.75022,0.75038,0.75034,-1
2016-05-05T05:24:00Z,,0.75038,0.75034,0.75046,0.75043,0.75033,0.7503,0.75035,0.75034,-1
2016-05-05T05:25:00Z,,0.75035,0.75034,0.75044,0.75041,0.75033,0.75031,0.75034,0.75031,-1
2016-05-05T05:26:00Z,,0.75034,0.75031,0.75034,0.75031,0.75004,0.75002,0.75004,0.75002,-1
2016-05-05T05:27:00Z,,0.75004,0.75002,0.75005,0.75002,0.74991,0.74986,0.74995,0.74991,-1
2016-05-05T05:28:00Z,,0.74995,0.74991,0.74997,0.74995,0.74989,0.74985,0.7499,0.74987,-1
2016-05-05T05:29:00Z,,0.7499,0.74987,0.74998,0.74995,0.7499,0.74987,0.74998,0.74995,-1
2016-05-05T05:30:00Z,,0.74998,0.74995,0.75015,0.75012,0.74998,0.74995,0.75009,0.75004,-1
2016-05-05T05:31:00Z,,0.75009,0.75004,0.75009,0.75006,0.74997,0.74994,0.75004,0.75001,-1
2016-05-05T05:32:00Z,,0.75004,0.75001,0.75008,0.75003,0.75002,0.74999,0.75008,0.75002,-1
2016-05-05T05:33:00Z,,0.75008,0.75002,0.75008,0.75002,0.74997,0.74993,0.75002,0.74998,-1
2016-05-05T05:34:00Z,,0.75002,0.74998,0.75009,0.75005,0.75,0.74996,0.75,0.74997,-1
2016-05-05T05:35:00Z,,0.75,0.74997,0.75,0.74997,0.74993,0.7499,0.74997,0.74993,-1
2016-05-05T05:36:00Z,,0.74997,0.74993,0.75051,0.75049,0.74997,0.74993,0.75046,0.75042,-1
2016-05-05T05:37:00Z,,0.75046,0.75042,0.75048,0.75047,0.75037,0.75034,0.75048,0.75047,-1
2016-05-05T05:38:00Z,,0.75048,0.75047,0.75049,0.75048,0.7504,0.75037,0.75049,0.75046,-1
2016-05-05T05:39:00Z,,0.75049,0.75046,0.75058,0.75055,0.75049,0.75045,0.75056,0.75053,-1
2016-05-05T05:40:00Z,,0.75056,0.75053,0.75068,0.75065,0.75056,0.75053,0.75068,0.75065,-1
2016-05-05T05:41:00Z,,0.75068,0.75065,0.75069,0.75067,0.75066,0.75063,0.75069,0.75067,-1
2016-05-05T05:42:00Z,,0.75069,0.75067,0.75089,0.75088,0.75067,0.75066,0.75079,0.75075,-1
2016-05-05T05:43:00Z,,0.75079,0.75075,0.75087,0.75083,0.75077,0.75075,0.75079,0.75077,-1
2016-05-05T05:44:00Z,,0.75079,0.75077,0.7508,0.75078,0.75076,0.75075,0.75078,0.75075,-1
2016-05-05T05:45:00Z,,0.75078,0.75075,0.75078,0.75077,0.75076,0.75074,0.75078,0.75076,-1
2016-05-05T05:46:00Z,,0.75078,0.75076,0.75086,0.75084,0.75075,0.75072,0.75076,0.75075,-1
2016-05-05T05:47:00Z,,0.75076,0.75075,0.75078,0.75077,0.75066,0.75065,0.75078,0.75074,-1
2016-05-05T05:48:00Z,,0.75078,0.75074,0.75087,0.75084,0.75075,0.75074,0.75086,0.75083,-1
2016-05-05T05:49:00Z,,0.75086,0.75083,0.75087,0.75085,0.75082,0.7508,0.75082,0.7508,-1
2016-05-05T05:50:00Z,,0.75082,0.7508,0.75085,0.75083,0.75075,0.75073,0.75078,0.75073,-1
2016-05-05T05:51:00Z,,0.75078,0.75073,0.75078,0.75075,0.75063,0.7506,0.75063,0.7506,-1
2016-05-05T05:52:00Z,,0.75063,0.7506,0.75063,0.7506,0.75048,0.75045,0.75049,0.75047,-1
2016-05-05T05:53:00Z,,0.75049,0.75047,0.75049,0.75047,0.75045,0.75042,0.75045,0.75042,-1
2016-05-05T05:54:00Z,,0.75045,0.75042,0.75045,0.75042,0.75029,0.75027,0.75036,0.75032,-1
2016-05-05T05:55:00Z,,0.75036,0.75032,0.75038,0.75035,0.75036,0.75032,0.75038,0.75033,-1
2016-05-05T05:56:00Z,,0.75038,0.75033,0.75038,0.75033,0.7502,0.75019,0.75027,0.75024,-1
2016-05-05T05:57:00Z,,0.75027,0.75024,0.7503,0.75025,0.75023,0.75022,0.75027,0.75025,-1
2016-05-05T05:58:00Z,,0.75027,0.75025,0.75029,0.75026,0.75005,0.75003,0.75007,0.75005,-1
2016-05-05T05:59:00Z,,0.75007,0.75005,0.75008,0.75005,0.74985,0.74983,0.74987,0.74985,-1
2016-05-05T06:00:00Z,,0.74987,0.74985,0.74996,0.74995,0.7498,0.74977,0.74986,0.74985,-1
2016-05-05T06:01:00Z,,0.74986,0.74985,0.75,0.74995,0.74986,0.74985,0.74997,0.74995,-1
2016-05-05T06:02:00Z,,0.74997,0.74995,0.7503,0.75027,0.74997,0.74995,0.75027,0.75025,-1
2016-05-05T06:03:00Z,,0.75027,0.75025,0.75031,0.75029,0.75025,0.7502,0.7503,0.75027,-1
2016-05-05T06:04:00Z,,0.7503,0.75027,0.75057,0.75056,0.7503,0.75027,0.75056,0.75053,-1
2016-05-05T06:05:00Z,,0.75056,0.75053,0.75057,0.75053,0.75037,0.75035,0.75048,0.75046,-1
2016-05-05T06:06:00Z,,0.75048,0.75046,0.7505,0.75047,0.75035,0.75033,0.75047,0.75046,-1
2016-05-05T06:07:00Z,,0.75047,0.75046,0.75058,0.75055,0.75047,0.75045,0.75058,0.75055,-1
2016-05-05T06:08:00Z,,0.75058,0.75055,0.7507,0.75069,0.75049,0.75045,0.75068,0.75066,-1
2016-05-05T06:09:00Z,,0.75068,0.75066,0.75072,0.7507,0.75046,0.75044,0.75047,0.75044,-1
2016-05-05T06:10:00Z,,0.75047,0.75044,0.75051,0.75049,0.75034,0.75032,0.75038,0.75035,-1
2016-05-05T06:11:00Z,,0.75038,0.75035,0.75054,0.7505,0.75038,0.75035,0.75049,0.75045,-1
2016-05-05T06:12:00Z,,0.75049,0.75045,0.75055,0.75053,0.75038,0.75034,0.75047,0.75044,-1
2016-05-05T06:13:00Z,,0.75047,0.75044,0.75048,0.75045,0.75038,0.75035,0.75046,0.75045,-1
2016-05-05T06:14:00Z,,0.75046,0.75045,0.75064,0.75059,0.7504,0.75038,0.75058,0.75056,-1
2016-05-05T06:15:00Z,,0.75058,0.75056,0.75066,0.75064,0.75052,0.7505,0.75056,0.75055,-1
2016-05-05T06:16:00Z,,0.75056,0.75055,0.75057,0.75055,0.75046,0.75044,0.75047,0.75044,-1
2016-05-05T06:17:00Z,,0.75047,0.75044,0.75048,0.75044,0.75015,0.75014,0.75018,0.75016,-1
2016-05-05T06:18:00Z,,0.75018,0.75016,0.75026,0.75023,0.75008,0.75004,0.75019,0.75016,-1
2016-05-05T06:19:00Z,,0.75019,0.75016,0.75029,0.75026,0.75017,0.75015,0.75018,0.75015,-1
2016-05-05T06:20:00Z,,0.75018,0.75015,0.75038,0.75037,0.75012,0.7501,0.75038,0.75037,-1
2016-05-05T06:21:00Z,,0.75038,0.75037,0.75045,0.75043,0.75029,0.75027,0.75041,0.75038,-1
2016-05-05T06:22:00Z,,0.75041,0.75038,0.75042,0.7504,0.75029,0.75025,0.7503,0.75027,-1
2016-05-05T06:23:00Z,,0.7503,0.75027,0.7504,0.75038,0.75028,0.75027,0.75039,0.75035,-1
2016-05-05T06:24:00Z,,0.75039,0.75035,0.75039,0.75035,0.75028,0.75024,0.75029,0.75028,-1
2016-05-05T06:25:00Z,,0.75029,0.75028,0.75038,0.75035,0.75027,0.75025,0.7503,0.75029,-1
2016-05-05T06:26:00Z,,0.7503,0.75029,0.75042,0.7504,0.75028,0.75026,0.75038,0.75035,-1
2016-05-05T06:27:00Z,,0.75038,0.75035,0.75058,0.75056,0.75038,0.75035,0.75058,0.75055,-1
2016-05-05T06:28:00Z,,0.75058,0.75055,0.75064,0.75062,0.75039,0.75037,0.75039,0.75038,-1
2016-05-05T06:29:00Z,,0.75039,0.75038,0.75049,0.75046,0.75037,0.75035,0.75039,0.75035,-1
2016-05-05T06:30:00Z,,0.75039,0.75035,0.75055,0.75053,0.75029,0.75026,0.7505,0.75046,-1
2016-05-05T06:31:00Z,,0.7505,0.75046,0.75085,0.75084,0.75033,0.7503,0.75082,0.75081,-1
2016-05-05T06:32:00Z,,0.75082,0.75081,0.75095,0.75093,0.75079,0.75076,0.7509,0.75087,-1
2016-05-05T06:33:00Z,,0.7509,0.75087,0.7509,0.75088,0.75076,0.75074,0.75078,0.75075,-1
2016-05-05T06:34:00Z,,0.75078,0.75075,0.75078,0.75075,0.75049,0.75046,0.75058,0.75057,-1
2016-05-05T06:35:00Z,,0.75058,0.75057,0.75066,0.75064,0.75048,0.75045,0.75058,0.75056,-1
2016-05-05T06:36:00Z,,0.75058,0.75056,0.75059,0.75058,0.75046,0.75043,0.75047,0.75043,-1
2016-05-05T06:37:00Z,,0.75047,0.75043,0.75047,0.75045,0.7503,0.75028,0.75046,0.75045,-1
2016-05-05T06:38:00Z,,0.75046,0.75045,0.75049,0.75047,0.75044,0.75043,0.75048,0.75046,-1
2016-05-05T06:39:00Z,,0.75048,0.75046,0.7505,0.75049,0.75041,0.7504,0.7505,0.75046,-1
2016-05-05T06:40:00Z,,0.7505,0.75046,0.75056,0.75054,0.75047,0.75046,0.75049,0.75046,-1
2016-05-05T06:41:00Z,,0.75049,0.75046,0.7505,0.75046,0.75039,0.75037,0.75047,0.75044,-1
2016-05-05T06:42:00Z,,0.75047,0.75044,0.75075,0.75073,0.75044,0.75043,0.7505,0.75048,-1
2016-05-05T06:43:00Z,,0.7505,0.75048,0.7506,0.75057,0.75038,0.75036,0.75041,0.75037,-1
2016-05-05T06:44:00Z,,0.75041,0.75037,0.75071,0.75068,0.75038,0.75034,0.75038,0.75037,-1
2016-05-05T06:45:00Z,,0.75038,0.75037,0.75057,0.75054,0.75028,0.75025,0.75054,0.75053,-1
2016-05-05T06:46:00Z,,0.75054,0.75053,0.75065,0.75063,0.7504,0.75038,0.75041,0.7504,-1
2016-05-05T06:47:00Z,,0.75041,0.7504,0.75042,0.7504,0.75022,0.7502,0.75039,0.75035,-1
2016-05-05T06:48:00Z,,0.75039,0.75035,0.75069,0.75068,0.75039,0.75035,0.75068,0.75065,-1
2016-05-05T06:49:00Z,,0.75068,0.75065,0.75098,0.75095,0.75067,0.75064,0.75091,0.75088,-1
2016-05-05T06:50:00Z,,0.75091,0.75088,0.75128,0.75125,0.7509,0.75087,0.7512,0.75119,-1
2016-05-05T06:51:00Z,,0.7512,0.75119,0.7512,0.75119,0.75107,0.75104,0.75115,0.75114,-1
2016-05-05T06:52:00Z,,0.75115,0.75114,0.75141,0.7514,0.75106,0.75105,0.7513,0.75126,-1
2016-05-05T06:53:00Z,,0.7513,0.75126,0.7513,0.75126,0.7511,0.75108,0.7511,0.75109,-1
2016-05-05T06:54:00Z,,0.7511,0.75109,0.7512,0.75119,0.75068,0.75065,0.7508,0.75079,-1
2016-05-05T06:55:00Z,,0.7508,0.75079,0.75089,0.75088,0.75076,0.75075,0.75079,0.75075,-1
2016-05-05T06:56:00Z,,0.75079,0.75075,0.7509,0.75088,0.75076,0.75075,0.7508,0.75077,-1
2016-05-05T06:57:00Z,,0.7508,0.75077,0.75099,0.75096,0.7508,0.75077,0.75087,0.75085,-1
2016-05-05T06:58:00Z,,0.75087,0.75085,0.75088,0.75087,0.75075,0.75072,0.75078,0.75077,-1
2016-05-05T06:59:00Z,,0.75078,0.75077,0.75079,0.75078,0.7507,0.75066,0.7507,0.75067,-1
2016-05-05T07:00:00Z,,0.7507,0.75067,0.7507,0.75067,0.74958,0.74955,0.74971,0.7497,-1
2016-05-05T07:01:00Z,,0.74971,0.7497,0.74984,0.74983,0.74927,0.74925,0.74939,0.74938,-1
2016-05-05T07:02:00Z,,0.74939,0.74938,0.74948,0.74947,0.7492,0.74917,0.74926,0.74924,-1
2016-05-05T07:03:00Z,,0.74926,0.74924,0.74943,0.74941,0.74903,0.749,0.74906,0.74905,-1
2016-05-05T07:04:00Z,,0.74906,0.74905,0.74942,0.74939,0.74897,0.74896,0.74928,0.74925,-1
2016-05-05T07:05:00Z,,0.74928,0.74925,0.74978,0.74975,0.74928,0.74924,0.74978,0.74975,-1
2016-05-05T07:06:00Z,,0.74978,0.74975,0.7498,0.74976,0.74941,0.74939,0.74958,0.74955,-1
2016-05-05T07:07:00Z,,0.74958,0.74955,0.74967,0.74963,0.74926,0.74925,0.74967,0.74963,-1
2016-05-05T07:08:00Z,,0.74967,0.74963,0.74967,0.74964,0.74934,0.74931,0.7494,0.74939,-1
2016-05-05T07:09:00Z,,0.7494,0.74939,0.74941,0.7494,0.7491,0.74907,0.74921,0.74918,-1
2016-05-05T07:10:00Z,,0.74921,0.74918,0.74921,0.74918,0.7488,0.74877,0.74908,0.74904,-1
2016-05-05T07:11:00Z,,0.74908,0.74904,0.74945,0.74944,0.74906,0.74904,0.74931,0.74928,-1
2016-05-05T07:12:00Z,,0.74931,0.74928,0.74965,0.74963,0.74927,0.74924,0.74943,0.74941,-1
2016-05-05T07:13:00Z,,0.74943,0.74941,0.74943,0.74941,0.74896,0.74895,0.74908,0.74904,-1
2016-05-05T07:14:00Z,,0.74908,0.74904,0.74969,0.74967,0.74902,0.74899,0.74968,0.74966,-1
2016-05-05T07:15:00Z,,0.74968,0.74966,0.74975,0.74974,0.74954,0.74951,0.74959,0.74958,-1
2016-05-05T07:16:00Z,,0.74959,0.74958,0.74967,0.74965,0.74941,0.7494,0.74941,0.7494,-1
2016-05-05T07:17:00Z,,0.74941,0.7494,0.7496,0.74956,0.74941,0.7494,0.74948,0.74946,-1
2016-05-05T07:18:00Z,,0.74948,0.74946,0.74978,0.74977,0.74941,0.7494,0.74977,0.74976,-1
2016-05-05T07:19:00Z,,0.74977,0.74976,0.74977,0.74976,0.74955,0.74952,0.74967,0.74964,-1
2016-05-05T07:20:00Z,,0.74967,0.74964,0.7497,0.74969,0.74938,0.74936,0.74941,0.74939,-1
2016-05-05T07:21:00Z,,0.74941,0.74939,0.7495,0.74949,0.74929,0.74926,0.74929,0.74927,-1
2016-05-05T07:22:00Z,,0.74929,0.74927,0.7493,0.74928,0.74907,0.74904,0.74918,0.74915,-1
2016-05-05T07:23:00Z,,0.74918,0.74915,0.74927,0.74925,0.74898,0.74897,0.74901,0.749,-1
2016-05-05T07:24:00Z,,0.74901,0.749,0.74912,0.7491,0.74873,0.74871,0.74891,0.7489,-1
2016-05-05T07:25:00Z,,0.74891,0.7489,0.74919,0.74916,0.74891,0.74888,0.74913,0.74912,-1
2016-05-05T07:26:00Z,,0.74913,0.74912,0.74913,0.74912,0.7489,0.74888,0.749,0.74897,-1
2016-05-05T07:27:00Z,,0.749,0.74897,0.74909,0.74906,0.74885,0.74883,0.74905,0.74902,-1
2016-05-05T07:28:00Z,,0.74905,0.74902,0.74927,0.74923,0.74902,0.74897,0.74918,0.74914,-1
2016-05-05T07:29:00Z,,0.74918,0.74914,0.74926,0.74925,0.74897,0.74893,0.74925,0.74922,-1
2016-05-05T07:30:00Z,,0.74925,0.74922,0.74944,0.74942,0.74917,0.74914,0.74944,0.74941,-1
2016-05-05T07:31:00Z,,0.74944,0.74941,0.74944,0.74941,0.74914,0.74912,0.7492,0.74917,-1
2016-05-05T07:32:00Z,,0.7492,0.74917,0.74929,0.74926,0.74911,0.74909,0.74928,0.74925,-1
2016-05-05T07:33:00Z,,0.74928,0.74925,0.74929,0.74926,0.74915,0.74913,0.74918,0.74916,-1
2016-05-05T07:34:00Z,,0.74918,0.74916,0.74928,0.74926,0.749,0.74897,0.74901,0.74898,-1
2016-05-05T07:35:00Z,,0.74901,0.74898,0.74919,0.74916,0.74887,0.74885,0.74919,0.74916,-1
2016-05-05T07:36:00Z,,0.74919,0.74916,0.74952,0.74949,0.74908,0.74904,0.74948,0.74946,-1
2016-05-05T07:37:00Z,,0.74948,0.74946,0.7495,0.74947,0.74935,0.74933,0.74936,0.74933,-1
2016-05-05T07:38:00Z,,0.74936,0.74933,0.74957,0.74955,0.74916,0.74915,0.74956,0.74955,-1
2016-05-05T07:39:00Z,,0.74956,0.74955,0.74965,0.74964,0.74921,0.7492,0.74946,0.74945,-1
2016-05-05T07:40:00Z,,0.74946,0.74945,0.74948,0.74945,0.74928,0.74925,0.74935,0.74934,-1
2016-05-05T07:41:00Z,,0.74935,0.74934,0.74945,0.74944,0.74934,0.74932,0.74935,0.74933,-1
2016-05-05T07:42:00Z,,0.74935,0.74933,0.74956,0.74954,0.74935,0.74933,0.74947,0.74945,-1
2016-05-05T07:43:00Z,,0.74947,0.74945,0.7495,0.74946,0.74926,0.74924,0.74948,0.74945,-1
2016-05-05T07:44:00Z,,0.74948,0.74945,0.74949,0.74947,0.74936,0.74935,0.74944,0.74943,-1
2016-05-05T07:45:00Z,,0.74944,0.74943,0.74948,0.74945,0.74926,0.74925,0.74928,0.74926,-1
2016-05-05T07:46:00Z,,0.74928,0.74926,0.74937,0.74936,0.74919,0.74917,0.74928,0.74926,-1
2016-05-05T07:47:00Z,,0.74928,0.74926,0.74934,0.74932,0.74914,0.74913,0.74916,0.74914,-1
2016-05-05T07:48:00Z,,0.74916,0.74914,0.74916,0.74914,0.74905,0.74903,0.74908,0.74905,-1
2016-05-05T07:49:00Z,,0.74908,0.74905,0.74908,0.74905,0.74887,0.74886,0.749,0.74899,-1
2016-05-05T07:50:00Z,,0.749,0.74899,0.74912,0.7491,0.74898,0.74894,0.74898,0.74894,-1
2016-05-05T07:51:00Z,,0.74898,0.74894,0.74907,0.74905,0.74858,0.74854,0.74858,0.74854,-1
2016-05-05T07:52:00Z,,0.74858,0.74854,0.74871,0.74867,0.7485,0.74847,0.7485,0.74848,-1
2016-05-05T07:53:00Z,,0.7485,0.74848,0.74852,0.74849,0.74813,0.74809,0.74817,0.74813,-1
2016-05-05T07:54:00Z,,0.74817,0.74813,0.74823,0.74819,0.74803,0.74801,0.74806,0.74804,-1
2016-05-05T07:55:00Z,,0.74806,0.74804,0.74817,0.74813,0.74798,0.74796,0.74799,0.74797,-1
2016-05-05T07:56:00Z,,0.74799,0.74797,0.74816,0.74814,0.74796,0.74792,0.74808,0.74805,-1
2016-05-05T07:57:00Z,,0.74808,0.74805,0.7481,0.74807,0.74787,0.74784,0.74805,0.74804,-1
2016-05-05T07:58:00Z,,0.74805,0.74804,0.74828,0.74826,0.74794,0.74793,0.74827,0.74825,-1
2016-05-05T07:59:00Z,,0.74827,0.74825,0.74829,0.74826,0.74804,0.74802,0.74807,0.74806,-1
2016-05-05T08:00:00Z,,0.74807,0.74806,0.7482,0.74815,0.74801,0.74798,0.74806,0.74805,-1
2016-05-05T08:01:00Z,,0.74806,0.74805,0.74807,0.74805,0.74786,0.74784,0.74789,0.74787,-1
2016-05-05T08:02:00Z,,0.74789,0.74787,0.74791,0.7479,0.74773,0.7477,0.74775,0.74773,-1
2016-05-05T08:03:00Z,,0.74775,0.74773,0.74797,0.74795,0.74765,0.74764,0.74796,0.74795,-1
2016-05-05T08:04:00Z,,0.74796,0.74795,0.74829,0.74827,0.74795,0.74793,0.74827,0.74824,-1
2016-05-05T08:05:00Z,,0.74827,0.74824,0.74828,0.74824,0.74776,0.74773,0.7478,0.74777,-1
2016-05-05T08:06:00Z,,0.7478,0.74777,0.74789,0.74787,0.74776,0.74773,0.74777,0.74776,-1
2016-05-05T08:07:00Z,,0.74777,0.74776,0.74808,0.74806,0.74775,0.74772,0.74798,0.74795,-1
2016-05-05T08:08:00Z,,0.74798,0.74795,0.74838,0.74835,0.74785,0.74783,0.74837,0.74835,-1
2016-05-05T08:09:00Z,,0.74837,0.74835,0.74847,0.74845,0.74829,0.74825,0.74837,0.74835,-1
2016-05-05T08:10:00Z,,0.74837,0.74835,0.74845,0.74844,0.74823,0.74822,0.74845,0.74844,-1
2016-05-05T08:11:00Z,,0.74845,0.74844,0.74858,0.74854,0.74824,0.74821,0.74826,0.74824,-1
2016-05-05T08:12:00Z,,0.74826,0.74824,0.74828,0.74825,0.74812,0.7481,0.74828,0.74825,-1
2016-05-05T08:13:00Z,,0.74828,0.74825,0.74828,0.74825,0.74804,0.74803,0.74806,0.74804,-1
2016-05-05T08:14:00Z,,0.74806,0.74804,0.74809,0.74805,0.74797,0.74794,0.74805,0.74801,-1
2016-05-05T08:15:00Z,,0.74805,0.74801,0.74809,0.74806,0.74803,0.74801,0.74805,0.74804,-1
2016-05-05T08:16:00Z,,0.74805,0.74804,0.7481,0.74806,0.74798,0.74795,0.74807,0.74806,-1
2016-05-05T08:17:00Z,,0.74807,0.74806,0.74838,0.74835,0.74807,0.74806,0.74837,0.74834,-1
2016-05-05T08:18:00Z,,0.74837,0.74834,0.74858,0.74855,0.74834,0.74831,0.74851,0.74848,-1
2016-05-05T08:19:00Z,,0.74851,0.74848,0.74851,0.74848,0.74817,0.74814,0.74817,0.74814,-1
2016-05-05T08:20:00Z,,0.74817,0.74814,0.74828,0.74825,0.74808,0.74806,0.74825,0.74824,-1
2016-05-05T08:21:00Z,,0.74825,0.74824,0.74828,0.74825,0.74807,0.74803,0.74807,0.74803,-1
2016-05-05T08:22:00Z,,0.74807,0.74803,0.74811,0.74807,0.74786,0.74784,0.74798,0.74795,-1
2016-05-05T08:23:00Z,,0.74798,0.74795,0.74799,0.74795,0.74777,0.74774,0.74779,0.74775,-1
2016-05-05T08:24:00Z,,0.74779,0.74775,0.74781,0.74779,0.74766,0.74764,0.74777,0.74775,-1
2016-05-05T08:25:00Z,,0.74777,0.74775,0.74777,0.74775,0.74755,0.74753,0.74765,0.74764,-1
2016-05-05T08:26:00Z,,0.74765,0.74764,0.74805,0.74802,0.74765,0.74764,0.74803,0.748,-1
2016-05-05T08:27:00Z,,0.74803,0.748,0.74804,0.74801,0.74791,0.7479,0.74796,0.74795,-1
2016-05-05T08:28:00Z,,0.74796,0.74795,0.74804,0.74803,0.74786,0.74783,0.7479,0.74786,-1
2016-05-05T08:29:00Z,,0.7479,0.74786,0.74797,0.74794,0.74787,0.74784,0.74792,0.74786,-1
2016-05-05T08:30:00Z,,0.74792,0.74786,0.74805,0.74802,0.74777,0.74773,0.74789,0.74787,-1
2016-05-05T08:31:00Z,,0.74789,0.74787,0.748,0.74797,0.74787,0.74786,0.74789,0.74787,-1
2016-05-05T08:32:00Z,,0.74789,0.74787,0.74799,0.74795,0.74786,0.74785,0.74793,0.7479,-1
2016-05-05T08:33:00Z,,0.74793,0.7479,0.74806,0.74804,0.74787,0.74785,0.74806,0.74804,-1
2016-05-05T08:34:00Z,,0.74806,0.74804,0.7483,0.74827,0.74806,0.74804,0.74811,0.7481,-1
2016-05-05T08:35:00Z,,0.74811,0.7481,0.74818,0.74817,0.74791,0.74789,0.74802,0.74798,-1
2016-05-05T08:36:00Z,,0.74802,0.74798,0.74816,0.74815,0.74799,0.74798,0.74816,0.74815,-1
2016-05-05T08:37:00Z,,0.74816,0.74815,0.74839,0.74837,0.74816,0.74815,0.74828,0.74825,-1
2016-05-05T08:38:00Z,,0.74828,0.74825,0.7483,0.74827,0.74807,0.74805,0.74807,0.74805,-1
2016-05-05T08:39:00Z,,0.74807,0.74805,0.7481,0.74808,0.74797,0.74795,0.74807,0.74806,-1
2016-05-05T08:40:00Z,,0.74807,0.74806,0.7481,0.74808,0.74806,0.74805,0.74807,0.74805,-1
2016-05-05T08:41:00Z,,0.74807,0.74805,0.74841,0.74839,0.74807,0.74805,0.74839,0.74838,-1
2016-05-05T08:42:00Z,,0.74839,0.74838,0.74847,0.74845,0.74832,0.7483,0.74845,0.74842,-1
2016-05-05T08:43:00Z,,0.74845,0.74842,0.74845,0.74842,0.74826,0.74825,0.74829,0.74828,-1
2016-05-05T08:44:00Z,,0.74829,0.74828,0.74858,0.74855,0.74826,0.74824,0.74858,0.74855,-1
2016-05-05T08:45:00Z,,0.74858,0.74855,0.74876,0.74875,0.74855,0.7485,0.74876,0.74875,-1
2016-05-05T08:46:00Z,,0.74876,0.74875,0.74878,0.74875,0.74856,0.74855,0.74857,0.74856,-1
2016-05-05T08:47:00Z,,0.74857,0.74856,0.74869,0.74865,0.74856,0.74855,0.74869,0.74865,-1
2016-05-05T08:48:00Z,,0.74869,0.74865,0.74873,0.74871,0.74849,0.74845,0.74849,0.74846,-1
2016-05-05T08:49:00Z,,0.74849,0.74846,0.7485,0.74849,0.74837,0.74835,0.74837,0.74835,-1
2016-05-05T08:50:00Z,,0.74837,0.74835,0.74841,0.74839,0.74827,0.74825,0.74829,0.74825,-1
2016-05-05T08:51:00Z,,0.74829,0.74825,0.7483,0.74827,0.74807,0.74804,0.74819,0.74817,-1
2016-05-05T08:52:00Z,,0.74819,0.74817,0.74847,0.74844,0.74819,0.74817,0.74846,0.74843,-1
2016-05-05T08:53:00Z,,0.74846,0.74843,0.74855,0.74853,0.74836,0.74834,0.74836,0.74834,-1
2016-05-05T08:54:00Z,,0.74836,0.74834,0.74837,0.74834,0.74816,0.74815,0.74831,0.74828,-1
2016-05-05T08:55:00Z,,0.74831,0.74828,0.74831,0.74828,0.74809,0.74806,0.74816,0.74815,-1
2016-05-05T08:56:00Z,,0.74816,0.74815,0.74818,0.74815,0.74788,0.74784,0.74788,0.74786,-1
2016-05-05T08:57:00Z,,0.74788,0.74786,0.7481,0.74808,0.74787,0.74785,0.7481,0.74808,-1
2016-05-05T08:58:00Z,,0.7481,0.74808,0.7484,0.74838,0.74801,0.748,0.74838,0.74835,-1
2016-05-05T08:59:00Z,,0.74838,0.74835,0.7487,0.74868,0.74836,0.74833,0.7487,0.74868,-1
2016-05-05T09:00:00Z,,0.7487,0.74868,0.74874,0.74872,0.74851,0.74849,0.74859,0.74857,-1
2016-05-05T09:01:00Z,,0.74859,0.74857,0.7488,0.74878,0.74859,0.74855,0.74864,0.74863,-1
2016-05-05T09:02:00Z,,0.74864,0.74863,0.74869,0.74867,0.74845,0.74844,0.74856,0.74854,-1
2016-05-05T09:03:00Z,,0.74856,0.74854,0.74856,0.74854,0.74827,0.74824,0.74836,0.74833,-1
2016-05-05T09:04:00Z,,0.74836,0.74833,0.74849,0.74846,0.7482,0.74818,0.7483,0.74827,-1
2016-05-05T09:05:00Z,,0.7483,0.74827,0.74844,0.74843,0.74827,0.74825,0.74842,0.7484,-1
2016-05-05T09:06:00Z,,0.74842,0.7484,0.74842,0.7484,0.7483,0.74828,0.74837,0.74835,-1
2016-05-05T09:07:00Z,,0.74837,0.74835,0.74854,0.74852,0.74837,0.74835,0.74841,0.74839,-1
2016-05-05T09:08:00Z,,0.74841,0.74839,0.7485,0.74847,0.7483,0.74826,0.74846,0.74845,-1
2016-05-05T09:09:00Z,,0.74846,0.74845,0.74846,0.74845,0.74829,0.74827,0.74837,0.74833,-1
2016-05-05T09:10:00Z,,0.74837,0.74833,0.74865,0.74863,0.74837,0.74833,0.74863,0.7486,-1
2016-05-05T09:11:00Z,,0.74863,0.7486,0.7487,0.74868,0.7486,0.74858,0.74865,0.74863,-1
2016-05-05T09:12:00Z,,0.74865,0.74863,0.7487,0.74869,0.7485,0.74849,0.74862,0.7486,-1
2016-05-05T09:13:00Z,,0.74862,0.7486,0.74881,0.7488,0.74853,0.74852,0.74868,0.74866,-1
2016-05-05T09:14:00Z,,0.74868,0.74866,0.74889,0.74888,0.74868,0.74865,0.74882,0.7488,-1
2016-05-05T09:15:00Z,,0.74882,0.7488,0.74886,0.74885,0.74858,0.74855,0.74862,0.74861,-1
2016-05-05T09:16:00Z,,0.74862,0.74861,0.74868,0.74867,0.74859,0.74856,0.7486,0.74858,-1
2016-05-05T09:17:00Z,,0.7486,0.74858,0.74864,0.74861,0.7486,0.74858,0.74863,0.74861,-1
2016-05-05T09:18:00Z,,0.74863,0.74861,0.7487,0.74868,0.74839,0.74837,0.74839,0.74837,-1
2016-05-05T09:19:00Z,,0.74839,0.74837,0.74859,0.74857,0.74835,0.74834,0.74851,0.74848,-1
2016-05-05T09:20:00Z,,0.74851,0.74848,0.74861,0.74859,0.74843,0.74841,0.74846,0.74845,-1
2016-05-05T09:21:00Z,,0.74846,0.74845,0.7486,0.74858,0.74845,0.74844,0.74852,0.74849,-1
2016-05-05T09:22:00Z,,0.74852,0.74849,0.7486,0.74859,0.74841,0.74839,0.7485,0.74849,-1
2016-05-05T09:23:00Z,,0.7485,0.74849,0.74859,0.74855,0.74846,0.74845,0.74848,0.74845,-1
2016-05-05T09:24:00Z,,0.74848,0.74845,0.74857,0.74854,0.74837,0.74835,0.74839,0.74836,-1
2016-05-05T09:25:00Z,,0.74839,0.74836,0.7485,0.74847,0.74828,0.74826,0.74838,0.74836,-1
2016-05-05T09:26:00Z,,0.74838,0.74836,0.74842,0.7484,0.74828,0.74825,0.74831,0.7483,-1
2016-05-05T09:27:00Z,,0.74831,0.7483,0.74838,0.74835,0.7482,0.74817,0.74829,0.74826,-1
2016-05-05T09:28:00Z,,0.74829,0.74826,0.74831,0.74829,0.74815,0.74812,0.7482,0.74819,-1
2016-05-05T09:29:00Z,,0.7482,0.74819,0.74834,0.74833,0.74818,0.74815,0.74818,0.74815,-1
2016-05-05T09:30:00Z,,0.74818,0.74815,0.74836,0.74833,0.74818,0.74815,0.7483,0.74826,-1
2016-05-05T09:31:00Z,,0.7483,0.74826,0.74833,0.74832,0.74815,0.74814,0.74821,0.74819,-1
2016-05-05T09:32:00Z,,0.74821,0.74819,0.74839,0.74838,0.7482,0.74818,0.74831,0.74828,-1
2016-05-05T09:33:00Z,,0.74831,0.74828,0.74838,0.74835,0.74827,0.74824,0.7483,0.74826,-1
2016-05-05T09:34:00Z,,0.7483,0.74826,0.74832,0.7483,0.74828,0.74826,0.74831,0.74828,-1
2016-05-05T09:35:00Z,,0.74831,0.74828,0.74832,0.7483,0.74808,0.74805,0.74808,0.74805,-1
2016-05-05T09:36:00Z,,0.74808,0.74805,0.74819,0.74816,0.74808,0.74805,0.74808,0.74807,-1
2016-05-05T09:37:00Z,,0.74808,0.74807,0.74819,0.74818,0.74808,0.74807,0.74819,0.74817,-1
2016-05-05T09:38:00Z,,0.74819,0.74817,0.74819,0.74818,0.74797,0.74794,0.74807,0.74804,-1
2016-05-05T09:39:00Z,,0.74807,0.74804,0.74807,0.74804,0.74779,0.74777,0.74787,0.74783,-1
2016-05-05T09:40:00Z,,0.74787,0.74783,0.74787,0.74783,0.7477,0.74767,0.74776,0.74773,-1
2016-05-05T09:41:00Z,,0.74776,0.74773,0.74778,0.74776,0.74768,0.74765,0.74777,0.74773,-1
2016-05-05T09:42:00Z,,0.74777,0.74773,0.7479,0.74787,0.74776,0.74773,0.7479,0.74787,-1
2016-05-05T09:43:00Z,,0.7479,0.74787,0.7479,0.74788,0.74769,0.74767,0.74772,0.74769,-1
2016-05-05T09:44:00Z,,0.74772,0.74769,0.74774,0.74773,0.74755,0.74754,0.74758,0.74757,-1
2016-05-05T09:45:00Z,,0.74758,0.74757,0.7477,0.74769,0.74757,0.74755,0.7476,0.74757,-1
2016-05-05T09:46:00Z,,0.7476,0.74757,0.7476,0.74758,0.74745,0.74743,0.74752,0.74751,-1
2016-05-05T09:47:00Z,,0.74752,0.74751,0.74769,0.74765,0.74735,0.74733,0.74745,0.74743,-1
2016-05-05T09:48:00Z,,0.74745,0.74743,0.74757,0.74755,0.74745,0.74743,0.74748,0.74745,-1
2016-05-05T09:49:00Z,,0.74748,0.74745,0.74769,0.74767,0.74748,0.74745,0.74766,0.74765,-1
2016-05-05T09:50:00Z,,0.74766,0.74765,0.74769,0.74765,0.74746,0.74744,0.74749,0.74747,-1
2016-05-05T09:51:00Z,,0.74749,0.74747,0.74757,0.74756,0.74735,0.74734,0.7474,0.74738,-1
2016-05-05T09:52:00Z,,0.7474,0.74738,0.74756,0.74753,0.74733,0.74732,0.74752,0.74751,-1
2016-05-05T09:53:00Z,,0.74752,0.74751,0.74755,0.74752,0.74717,0.74714,0.7472,0.74716,-1
2016-05-05T09:54:00Z,,0.7472,0.74716,0.74734,0.74733,0.74707,0.74704,0.74708,0.74705,-1
2016-05-05T09:55:00Z,,0.74708,0.74705,0.74747,0.74745,0.74708,0.74705,0.74746,0.74745,-1
2016-05-05T09:56:00Z,,0.74746,0.74745,0.74751,0.74749,0.74736,0.74735,0.74748,0.74745,-1
2016-05-05T09:57:00Z,,0.74748,0.74745,0.74759,0.74756,0.7474,0.74737,0.74757,0.74754,-1
2016-05-05T09:58:00Z,,0.74757,0.74754,0.74773,0.7477,0.74743,0.74741,0.74757,0.74754,-1
2016-05-05T09:59:00Z,,0.74757,0.74754,0.74766,0.74763,0.74749,0.74748,0.74751,0.7475,-1
2016-05-05T10:00:00Z,,0.74751,0.7475,0.74757,0.74755,0.74737,0.74734,0.74756,0.74752,-1
2016-05-05T10:01:00Z,,0.74756,0.74752,0.74766,0.74764,0.74735,0.74734,0.74737,0.74735,-1
2016-05-05T10:02:00Z,,0.74737,0.74735,0.74745,0.74742,0.74724,0.74723,0.74735,0.74733,-1
2016-05-05T10:03:00Z,,0.74735,0.74733,0.74742,0.7474,0.74726,0.74724,0.74727,0.74726,-1
2016-05-05T10:04:00Z,,0.74727,0.74726,0.74733,0.74731,0.74685,0.74682,0.74698,0.74694,-1
2016-05-05T10:05:00Z,,0.74698,0.74694,0.74698,0.74695,0.7467,0.74668,0.74694,0.74691,-1
2016-05-05T10:06:00Z,,0.74694,0.74691,0.74709,0.74707,0.74678,0.74675,0.74709,0.74707,-1
2016-05-05T10:07:00Z,,0.74709,0.74707,0.74758,0.74756,0.74707,0.74705,0.7475,0.74747,-1
2016-05-05T10:08:00Z,,0.7475,0.74747,0.74752,0.7475,0.74736,0.74734,0.74745,0.74744,-1
2016-05-05T10:09:00Z,,0.74745,0.74744,0.74746,0.74745,0.74733,0.74729,0.74739,0.74736,-1
2016-05-05T10:10:00Z,,0.74739,0.74736,0.74748,0.74747,0.74725,0.74723,0.74741,0.7474,-1
2016-05-05T10:11:00Z,,0.74741,0.7474,0.74756,0.74753,0.74739,0.74736,0.7474,0.74738,-1
2016-05-05T10:12:00Z,,0.7474,0.74738,0.74758,0.74755,0.74739,0.74737,0.74749,0.74747,-1
2016-05-05T10:13:00Z,,0.74749,0.74747,0.7477,0.74767,0.74737,0.74735,0.7477,0.74767,-1
2016-05-05T10:14:00Z,,0.7477,0.74767,0.7477,0.74767,0.74754,0.74753,0.74768,0.74766,-1
2016-05-05T10:15:00Z,,0.74768,0.74766,0.7477,0.74768,0.74746,0.74744,0.74748,0.74747,-1
2016-05-05T10:16:00Z,,0.74748,0.74747,0.74759,0.74757,0.74692,0.74691,0.74719,0.74717,-1
2016-05-05T10:17:00Z,,0.74719,0.74717,0.74722,0.74719,0.74686,0.74685,0.74689,0.74688,-1
2016-05-05T10:18:00Z,,0.74689,0.74688,0.74691,0.74689,0.7466,0.74657,0.74669,0.74666,-1
2016-05-05T10:19:00Z,,0.74669,0.74666,0.74693,0.74691,0.74668,0.74665,0.74686,0.74684,-1
2016-05-05T10:20:00Z,,0.74686,0.74684,0.74687,0.74684,0.74668,0.74665,0.74676,0.74674,-1
2016-05-05T10:21:00Z,,0.74676,0.74674,0.74679,0.74677,0.74658,0.74656,0.74675,0.74672,-1
2016-05-05T10:22:00Z,,0.74675,0.74672,0.74689,0.74686,0.74671,0.74669,0.74687,0.74685,-1
2016-05-05T10:23:00Z,,0.74687,0.74685,0.7471,0.74709,0.74686,0.74685,0.74709,0.74708,-1
2016-05-05T10:24:00Z,,0.74709,0.74708,0.74745,0.74743,0.74706,0.74705,0.74737,0.74734,-1
2016-05-05T10:25:00Z,,0.74737,0.74734,0.74747,0.74744,0.74727,0.74724,0.74738,0.74735,-1
2016-05-05T10:26:00Z,,0.74738,0.74735,0.74758,0.74755,0.74735,0.74732,0.74758,0.74755,-1
2016-05-05T10:27:00Z,,0.74758,0.74755,0.74767,0.74764,0.74751,0.7475,0.74759,0.74757,-1
2016-05-05T10:28:00Z,,0.74759,0.74757,0.74768,0.74767,0.74757,0.74755,0.74767,0.74766,-1
2016-05-05T10:29:00Z,,0.74767,0.74766,0.74768,0.74766,0.74742,0.74741,0.74744,0.74743,-1
2016-05-05T10:30:00Z,,0.74744,0.74743,0.74756,0.74753,0.7474,0.74738,0.74745,0.74743,-1
2016-05-05T10:31:00Z,,0.74745,0.74743,0.74746,0.74744,0.74734,0.74733,0.74742,0.74741,-1
2016-05-05T10:32:00Z,,0.74742,0.74741,0.74745,0.74744,0.74721,0.7472,0.74723,0.74721,-1
2016-05-05T10:33:00Z,,0.74723,0.74721,0.74732,0.74729,0.74713,0.74711,0.74724,0.74723,-1
2016-05-05T10:34:00Z,,0.74724,0.74723,0.74729,0.74727,0.74707,0.74706,0.74707,0.74706,-1
2016-05-05T10:35:00Z,,0.74707,0.74706,0.74728,0.74726,0.74702,0.74701,0.74724,0.74723,-1
2016-05-05T10:36:00Z,,0.74724,0.74723,0.74727,0.74725,0.74709,0.74707,0.74726,0.74723,-1
2016-05-05T10:37:00Z,,0.74726,0.74723,0.74727,0.74724,0.74702,0.747,0.74705,0.74702,-1
2016-05-05T10:38:00Z,,0.74705,0.74702,0.74705,0.74702,0.74684,0.74681,0.74684,0.74681,-1
2016-05-05T10:39:00Z,,0.74684,0.74681,0.74705,0.74702,0.74682,0.74681,0.74704,0.74702,-1
2016-05-05T10:40:00Z,,0.74704,0.74702,0.74707,0.74706,0.74686,0.74683,0.74688,0.74685,-1
2016-05-05T10:41:00Z,,0.74688,0.74685,0.74697,0.74696,0.74683,0.74681,0.74683,0.74681,-1
2016-05-05T10:42:00Z,,0.74683,0.74681,0.74688,0.74687,0.74666,0.74663,0.74685,0.74684,-1
2016-05-05T10:43:00Z,,0.74685,0.74684,0.74699,0.74697,0.74685,0.74683,0.74696,0.74695,-1
2016-05-05T10:44:00Z,,0.74696,0.74695,0.74699,0.74697,0.74685,0.74683,0.74696,0.74693,-1
2016-05-05T10:45:00Z,,0.74696,0.74693,0.74708,0.74706,0.74694,0.74693,0.74706,0.74702,-1
2016-05-05T10:46:00Z,,0.74706,0.74702,0.74715,0.74714,0.74698,0.74696,0.74712,0.7471,-1
2016-05-05T10:47:00Z,,0.74712,0.7471,0.74716,0.74715,0.74696,0.74693,0.7471,0.74708,-1
2016-05-05T10:48:00Z,,0.7471,0.74708,0.74721,0.74718,0.74706,0.74703,0.74717,0.74715,-1
2016-05-05T10:49:00Z,,0.74717,0.74715,0.74733,0.74731,0.74703,0.747,0.74732,0.7473,-1
2016-05-05T10:50:00Z,,0.74732,0.7473,0.7474,0.74737,0.74727,0.74726,0.74735,0.74733,-1
2016-05-05T10:51:00Z,,0.74735,0.74733,0.74745,0.74742,0.74732,0.7473,0.74745,0.74742,-1
2016-05-05T10:52:00Z,,0.74745,0.74742,0.74755,0.74753,0.74742,0.74739,0.74747,0.74744,-1
2016-05-05T10:53:00Z,,0.74747,0.74744,0.74757,0.74755,0.74738,0.74737,0.74748,0.74745,-1
2016-05-05T10:54:00Z,,0.74748,0.74745,0.74755,0.74753,0.74744,0.74743,0.7475,0.74749,-1
2016-05-05T10:55:00Z,,0.7475,0.74749,0.74768,0.74767,0.74747,0.74745,0.74766,0.74765,-1
2016-05-05T10:56:00Z,,0.74766,0.74765,0.7479,0.74785,0.74766,0.74765,0.74778,0.74776,-1
2016-05-05T10:57:00Z,,0.74778,0.74776,0.74778,0.74776,0.74767,0.74764,0.74768,0.74764,-1
2016-05-05T10:58:00Z,,0.74768,0.74764,0.74781,0.74779,0.74767,0.74763,0.74778,0.74774,-1
2016-05-05T10:59:00Z,,0.74778,0.74774,0.74778,0.74774,0.74757,0.74754,0.74764,0.7476,-1
2016-05-05T11:00:00Z,,0.74764,0.7476,0.74768,0.74764,0.74736,0.74733,0.74746,0.74743,-1
2016-05-05T11:01:00Z,,0.74746,0.74743,0.74765,0.74762,0.74745,0.74742,0.74765,0.74761,-1
2016-05-05T11:02:00Z,,0.74765,0.74761,0.74765,0.74761,0.74752,0.7475,0.74755,0.74752,-1
2016-05-05T11:03:00Z,,0.74755,0.74752,0.74759,0.74757,0.74749,0.74745,0.74749,0.74745,-1
2016-05-05T11:04:00Z,,0.74749,0.74745,0.74749,0.74746,0.74744,0.7474,0.74746,0.74745,-1
2016-05-05T11:05:00Z,,0.74746,0.74745,0.74754,0.74753,0.74741,0.74739,0.74754,0.74753,-1
2016-05-05T11:06:00Z,,0.74754,0.74753,0.74789,0.74788,0.74754,0.74753,0.74786,0.74785,-1
2016-05-05T11:07:00Z,,0.74786,0.74785,0.74796,0.74795,0.74777,0.74773,0.74795,0.74794,-1
2016-05-05T11:08:00Z,,0.74795,0.74794,0.74798,0.74797,0.74784,0.74781,0.74789,0.74787,-1
2016-05-05T11:09:00Z,,0.74789,0.74787,0.74791,0.74788,0.74776,0.74775,0.74785,0.74783,-1
2016-05-05T11:10:00Z,,0.74785,0.74783,0.74796,0.74793,0.74775,0.74772,0.7478,0.74778,-1
2016-05-05T11:11:00Z,,0.7478,0.74778,0.74796,0.74794,0.7478,0.74778,0.74787,0.74785,-1
2016-05-05T11:12:00Z,,0.74787,0.74785,0.7479,0.74789,0.74777,0.74775,0.74777,0.74776,-1
2016-05-05T11:13:00Z,,0.74777,0.74776,0.74796,0.74795,0.74775,0.74772,0.74795,0.74792,-1
2016-05-05T11:14:00Z,,0.74795,0.74792,0.74806,0.74803,0.74791,0.74788,0.74799,0.74796,-1
2016-05-05T11:15:00Z,,0.74799,0.74796,0.74799,0.74796,0.74772,0.7477,0.74778,0.74774,-1
2016-05-05T11:16:00Z,,0.74778,0.74774,0.74783,0.74782,0.74772,0.7477,0.74776,0.74774,-1
2016-05-05T11:17:00Z,,0.74776,0.74774,0.74784,0.74781,0.74764,0.74762,0.74765,0.74762,-1
2016-05-05T11:18:00Z,,0.74765,0.74762,0.74767,0.74763,0.74755,0.74752,0.74764,0.74763,-1
2016-05-05T11:19:00Z,,0.74764,0.74763,0.74767,0.74765,0.74756,0.74754,0.74764,0.74761,-1
2016-05-05T11:20:00Z,,0.74764,0.74761,0.74777,0.74773,0.74753,0.7475,0.74754,0.74751,-1
2016-05-05T11:21:00Z,,0.74754,0.74751,0.74756,0.74753,0.74744,0.74742,0.74747,0.74745,-1
2016-05-05T11:22:00Z,,0.74747,0.74745,0.74753,0.7475,0.74744,0.74741,0.74745,0.74742,-1
2016-05-05T11:23:00Z,,0.74745,0.74742,0.74749,0.74747,0.74737,0.74735,0.74738,0.74737,-1
2016-05-05T11:24:00Z,,0.74738,0.74737,0.74745,0.74742,0.74735,0.74732,0.74744,0.7474,-1
2016-05-05T11:25:00Z,,0.74744,0.7474,0.74744,0.7474,0.74728,0.74725,0.74737,0.74734,-1
2016-05-05T11:26:00Z,,0.74737,0.74734,0.74756,0.74752,0.74736,0.74733,0.74756,0.74752,-1
2016-05-05T11:27:00Z,,0.74756,0.74752,0.74757,0.74755,0.74745,0.74741,0.74746,0.74743,-1
2016-05-05T11:28:00Z,,0.74746,0.74743,0.74764,0.74761,0.7473,0.74727,0.74733,0.74729,-1
2016-05-05T11:29:00Z,,0.74733,0.74729,0.74767,0.74764,0.74733,0.74729,0.74767,0.74763,-1
2016-05-05T11:30:00Z,,0.74767,0.74763,0.74777,0.74775,0.74757,0.74756,0.74757,0.74756,-1
2016-05-05T11:31:00Z,,0.74757,0.74756,0.74785,0.74781,0.74754,0.74751,0.74785,0.74781,-1
2016-05-05T11:32:00Z,,0.74785,0.74781,0.74797,0.74794,0.74776,0.74773,0.74795,0.74793,-1
2016-05-05T11:33:00Z,,0.74795,0.74793,0.74796,0.74795,0.74775,0.74772,0.74784,0.74782,-1
2016-05-05T11:34:00Z,,0.74784,0.74782,0.74785,0.74782,0.74744,0.7474,0.74753,0.7475,-1
2016-05-05T11:35:00Z,,0.74753,0.7475,0.74755,0.74753,0.74742,0.74739,0.74754,0.74753,-1
2016-05-05T11:36:00Z,,0.74754,0.74753,0.74779,0.74777,0.74754,0.74752,0.74775,0.74773,-1
2016-05-05T11:37:00Z,,0.74775,0.74773,0.74796,0.74795,0.74765,0.74761,0.74794,0.7479,-1
2016-05-05T11:38:00Z,,0.74794,0.7479,0.74795,0.74794,0.74782,0.74781,0.74795,0.74792,-1
2016-05-05T11:39:00Z,,0.74795,0.74792,0.7481,0.74808,0.74795,0.74792,0.74807,0.74805,-1
2016-05-05T11:40:00Z,,0.74807,0.74805,0.74816,0.74814,0.74795,0.74791,0.74816,0.74814,-1
2016-05-05T11:41:00Z,,0.74816,0.74814,0.74837,0.74833,0.74815,0.74811,0.74837,0.74833,-1
2016-05-05T11:42:00Z,,0.74837,0.74833,0.74863,0.7486,0.74837,0.74833,0.74856,0.74854,-1
2016-05-05T11:43:00Z,,0.74856,0.74854,0.74856,0.74854,0.74828,0.74826,0.74846,0.74844,-1
2016-05-05T11:44:00Z,,0.74846,0.74844,0.74856,0.74853,0.74837,0.74835,0.74848,0.74845,-1
2016-05-05T11:45:00Z,,0.74848,0.74845,0.74852,0.7485,0.74825,0.74822,0.74827,0.74825,-1
2016-05-05T11:46:00Z,,0.74827,0.74825,0.74827,0.74825,0.74806,0.74805,0.74825,0.74824,-1
2016-05-05T11:47:00Z,,0.74825,0.74824,0.74826,0.74824,0.74815,0.74813,0.74817,0.74814,-1
2016-05-05T11:48:00Z,,0.74817,0.74814,0.74824,0.74822,0.74807,0.74804,0.74816,0.74813,-1
2016-05-05T11:49:00Z,,0.74816,0.74813,0.74824,0.74823,0.74798,0.74794,0.74798,0.74796,-1
2016-05-05T11:50:00Z,,0.74798,0.74796,0.74818,0.74817,0.74798,0.74795,0.74818,0.74817,-1
2016-05-05T11:51:00Z,,0.74818,0.74817,0.74846,0.74845,0.74816,0.74814,0.74846,0.74845,-1
2016-05-05T11:52:00Z,,0.74846,0.74845,0.74877,0.74874,0.74845,0.74844,0.74862,0.7486,-1
2016-05-05T11:53:00Z,,0.74862,0.7486,0.7488,0.74879,0.74862,0.7486,0.74877,0.74875,-1
2016-05-05T11:54:00Z,,0.74877,0.74875,0.74877,0.74875,0.74858,0.74854,0.74874,0.74872,-1
2016-05-05T11:55:00Z,,0.74874,0.74872,0.74875,0.74872,0.74855,0.74853,0.74866,0.74863,-1
2016-05-05T11:56:00Z,,0.74866,0.74863,0.7487,0.74867,0.74843,0.7484,0.74868,0.74867,-1
2016-05-05T11:57:00Z,,0.74868,0.74867,0.74877,0.74873,0.74855,0.74853,0.74877,0.74873,-1
2016-05-05T11:58:00Z,,0.74877,0.74873,0.74882,0.7488,0.74863,0.7486,0.74877,0.74875,-1
2016-05-05T11:59:00Z,,0.74877,0.74875,0.74906,0.74905,0.74876,0.74874,0.74898,0.74896,-1
2016-05-05T12:00:00Z,,0.74898,0.74896,0.74962,0.74959,0.74898,0.74895,0.74958,0.74956,-1
2016-05-05T12:01:00Z,,0.74958,0.74956,0.74958,0.74957,0.74948,0.74946,0.7495,0.74948,-1
2016-05-05T12:02:00Z,,0.7495,0.74948,0.74967,0.74965,0.74942,0.7494,0.74966,0.74964,-1
2016-05-05T12:03:00Z,,0.74966,0.74964,0.7499,0.74989,0.74962,0.7496,0.7499,0.74989,-1
2016-05-05T12:04:00Z,,0.7499,0.74989,0.74999,0.74996,0.74969,0.74967,0.74979,0.74977,-1
2016-05-05T12:05:00Z,,0.74979,0.74977,0.7498,0.74979,0.74967,0.74963,0.74973,0.74972,-1
2016-05-05T12:06:00Z,,0.74973,0.74972,0.7498,0.74979,0.74929,0.74926,0.7494,0.74938,-1
2016-05-05T12:07:00Z,,0.7494,0.74938,0.74945,0.74944,0.74931,0.74927,0.74935,0.74933,-1
2016-05-05T12:08:00Z,,0.74935,0.74933,0.74936,0.74935,0.74925,0.74922,0.74926,0.74923,-1
2016-05-05T12:09:00Z,,0.74926,0.74923,0.74973,0.74972,0.74926,0.74923,0.74973,0.74972,-1
2016-05-05T12:10:00Z,,0.74973,0.74972,0.74974,0.74972,0.74923,0.74921,0.74925,0.74923,-1
2016-05-05T12:11:00Z,,0.74925,0.74923,0.74927,0.74925,0.74909,0.74907,0.74915,0.74912,-1
2016-05-05T12:12:00Z,,0.74915,0.74912,0.7492,0.74917,0.74902,0.74901,0.74907,0.74906,-1
2016-05-05T12:13:00Z,,0.74907,0.74906,0.74926,0.74925,0.74905,0.74903,0.74919,0.74916,-1
2016-05-05T12:14:00Z,,0.74919,0.74916,0.74947,0.74946,0.74917,0.74916,0.74935,0.74934,-1
2016-05-05T12:15:00Z,,0.74935,0.74934,0.74966,0.74965,0.74935,0.74933,0.74945,0.74944,-1
2016-05-05T12:16:00Z,,0.74945,0.74944,0.7497,0.74967,0.74937,0.74934,0.74964,0.74961,-1
2016-05-05T12:17:00Z,,0.74964,0.74961,0.74994,0.74991,0.74964,0.74961,0.74969,0.74965,-1
2016-05-05T12:18:00Z,,0.74969,0.74965,0.74987,0.74985,0.74955,0.74953,0.74965,0.74962,-1
2016-05-05T12:19:00Z,,0.74965,0.74962,0.74988,0.74984,0.74961,0.74959,0.74986,0.74983,-1
2016-05-05T12:20:00Z,,0.74986,0.74983,0.74989,0.74986,0.74965,0.74962,0.74965,0.74963,-1
2016-05-05T12:21:00Z,,0.74965,0.74963,0.7498,0.74978,0.74956,0.74954,0.74957,0.74954,-1
2016-05-05T12:22:00Z,,0.74957,0.74954,0.74957,0.74955,0.74935,0.74932,0.74935,0.74934,-1
2016-05-05T12:23:00Z,,0.74935,0.74934,0.74939,0.74938,0.74915,0.74912,0.74939,0.74938,-1
2016-05-05T12:24:00Z,,0.74939,0.74938,0.74943,0.74941,0.74917,0.74915,0.74918,0.74917,-1
2016-05-05T12:25:00Z,,0.74918,0.74917,0.74919,0.74918,0.74907,0.74904,0.74919,0.74918,-1
2016-05-05T12:26:00Z,,0.74919,0.74918,0.74928,0.74927,0.74918,0.74915,0.74928,0.74927,-1
2016-05-05T12:27:00Z,,0.74928,0.74927,0.74957,0.74953,0.74927,0.74926,0.74957,0.74953,-1
2016-05-05T12:28:00Z,,0.74957,0.74953,0.74965,0.74964,0.74948,0.74945,0.74955,0.74952,-1
2016-05-05T12:29:00Z,,0.74955,0.74952,0.74968,0.74964,0.74942,0.74914,0.74948,0.74915,-1
2016-05-05T12:30:00Z,,0.74948,0.74915,0.74975,0.74973,0.74936,0.74915,0.7494,0.74934,-1
2016-05-05T12:31:00Z,,0.7494,0.74934,0.75011,0.7501,0.74931,0.7493,0.75007,0.75005,-1
2016-05-05T12:32:00Z,,0.75007,0.75005,0.75007,0.75005,0.74957,0.74955,0.74963,0.74962,-1
2016-05-05T12:33:00Z,,0.74963,0.74962,0.74999,0.74996,0.74955,0.74953,0.74995,0.74993,-1
2016-05-05T12:34:00Z,,0.74995,0.74993,0.75007,0.75004,0.74986,0.74984,0.75007,0.75004,-1
2016-05-05T12:35:00Z,,0.75007,0.75004,0.75017,0.75015,0.74997,0.74995,0.74999,0.74995,-1
2016-05-05T12:36:00Z,,0.74999,0.74995,0.75002,0.74999,0.74974,0.7497,0.74977,0.74974,-1
2016-05-05T12:37:00Z,,0.74977,0.74974,0.74995,0.74993,0.74977,0.74974,0.74985,0.74983,-1
2016-05-05T12:38:00Z,,0.74985,0.74983,0.75049,0.75045,0.74966,0.74963,0.75045,0.75042,-1
2016-05-05T12:39:00Z,,0.75045,0.75042,0.75083,0.7508,0.75043,0.75041,0.75056,0.75055,-1
2016-05-05T12:40:00Z,,0.75056,0.75055,0.75067,0.75065,0.75037,0.75034,0.75038,0.75035,-1
2016-05-05T12:41:00Z,,0.75038,0.75035,0.7508,0.75077,0.75038,0.75035,0.75075,0.75074,-1
2016-05-05T12:42:00Z,,0.75075,0.75074,0.751,0.75098,0.75056,0.75054,0.75067,0.75064,-1
2016-05-05T12:43:00Z,,0.75067,0.75064,0.75067,0.75065,0.75036,0.75033,0.75057,0.75054,-1
2016-05-05T12:44:00Z,,0.75057,0.75054,0.75068,0.75065,0.75054,0.75052,0.75056,0.75052,-1
2016-05-05T12:45:00Z,,0.75056,0.75052,0.75059,0.75056,0.75034,0.75032,0.75037,0.75035,-1
2016-05-05T12:46:00Z,,0.75037,0.75035,0.75041,0.7504,0.75024,0.75021,0.75038,0.75034,-1
2016-05-05T12:47:00Z,,0.75038,0.75034,0.75057,0.75053,0.75032,0.75031,0.75049,0.75046,-1
2016-05-05T12:48:00Z,,0.75049,0.75046,0.75058,0.75055,0.75046,0.75044,0.75046,0.75044,-1
2016-05-05T12:49:00Z,,0.75046,0.75044,0.75054,0.75052,0.75031,0.7503,0.75045,0.75043,-1
2016-05-05T12:50:00Z,,0.75045,0.75043,0.75067,0.75064,0.75037,0.75035,0.75055,0.75052,-1
2016-05-05T12:51:00Z,,0.75055,0.75052,0.75055,0.75052,0.75035,0.75032,0.75045,0.75043,-1
2016-05-05T12:52:00Z,,0.75045,0.75043,0.75054,0.75053,0.75035,0.75034,0.75043,0.75042,-1
2016-05-05T12:53:00Z,,0.75043,0.75042,0.75052,0.75051,0.75034,0.75032,0.75041,0.75039,-1
2016-05-05T12:54:00Z,,0.75041,0.75039,0.75066,0.75064,0.75029,0.75028,0.75066,0.75064,-1
2016-05-05T12:55:00Z,,0.75066,0.75064,0.75103,0.75101,0.75064,0.75062,0.75093,0.75091,-1
2016-05-05T12:56:00Z,,0.75093,0.75091,0.75097,0.75095,0.75072,0.75071,0.75073,0.75072,-1
2016-05-05T12:57:00Z,,0.75073,0.75072,0.75077,0.75075,0.75047,0.75046,0.75055,0.75053,-1
2016-05-05T12:58:00Z,,0.75055,0.75053,0.75077,0.75076,0.75054,0.75052,0.75066,0.75065,-1
2016-05-05T12:59:00Z,,0.75066,0.75065,0.75105,0.75103,0.75066,0.75063,0.75101,0.751,-1
2016-05-05T13:00:00Z,,0.75101,0.751,0.75105,0.75103,0.75075,0.75072,0.75077,0.75076,-1
2016-05-05T13:01:00Z,,0.75077,0.75076,0.75079,0.75077,0.75047,0.75043,0.7505,0.75047,-1
2016-05-05T13:02:00Z,,0.7505,0.75047,0.75067,0.75064,0.75045,0.75043,0.75049,0.75045,-1
2016-05-05T13:03:00Z,,0.75049,0.75045,0.75049,0.75047,0.75019,0.75018,0.75037,0.75035,-1
2016-05-05T13:04:00Z,,0.75037,0.75035,0.75048,0.75045,0.75029,0.75028,0.75032,0.75031,-1
2016-05-05T13:05:00Z,,0.75032,0.75031,0.75046,0.75045,0.75028,0.75027,0.75038,0.75036,-1
2016-05-05T13:06:00Z,,0.75038,0.75036,0.75055,0.75053,0.75029,0.75026,0.7505,0.75048,-1
2016-05-05T13:07:00Z,,0.7505,0.75048,0.75057,0.75055,0.75036,0.75033,0.75047,0.75045,-1
2016-05-05T13:08:00Z,,0.75047,0.75045,0.75069,0.75067,0.75025,0.75022,0.7503,0.75027,-1
2016-05-05T13:09:00Z,,0.7503,0.75027,0.75049,0.75046,0.75015,0.75013,0.75019,0.75016,-1
2016-05-05T13:10:00Z,,0.75019,0.75016,0.75035,0.75034,0.75006,0.75002,0.75006,0.75002,-1
2016-05-05T13:11:00Z,,0.75006,0.75002,0.75008,0.75005,0.74974,0.74973,0.74986,0.74983,-1
2016-05-05T13:12:00Z,,0.74986,0.74983,0.74998,0.74997,0.74985,0.74982,0.74994,0.7499,-1
2016-05-05T13:13:00Z,,0.74994,0.7499,0.74997,0.74995,0.74975,0.74972,0.74975,0.74972,-1
2016-05-05T13:14:00Z,,0.74975,0.74972,0.74978,0.74977,0.74968,0.74965,0.74977,0.74974,-1
2016-05-05T13:15:00Z,,0.74977,0.74974,0.75006,0.75004,0.74977,0.74974,0.74984,0.7498,-1
2016-05-05T13:16:00Z,,0.74984,0.7498,0.74997,0.74996,0.74974,0.74971,0.74997,0.74996,-1
2016-05-05T13:17:00Z,,0.74997,0.74996,0.75018,0.75015,0.74995,0.74992,0.75013,0.75011,-1
2016-05-05T13:18:00Z,,0.75013,0.75011,0.75028,0.75026,0.75009,0.75008,0.75018,0.75016,-1
2016-05-05T13:19:00Z,,0.75018,0.75016,0.75042,0.75038,0.75018,0.75016,0.75029,0.75026,-1
2016-05-05T13:20:00Z,,0.75029,0.75026,0.75029,0.75027,0.75006,0.75003,0.75028,0.75026,-1
2016-05-05T13:21:00Z,,0.75028,0.75026,0.7504,0.75036,0.75018,0.75016,0.75026,0.75023,-1
2016-05-05T13:22:00Z,,0.75026,0.75023,0.75026,0.75024,0.74973,0.7497,0.74988,0.74986,-1
2016-05-05T13:23:00Z,,0.74988,0.74986,0.74989,0.74988,0.7496,0.74959,0.74973,0.74972,-1
2016-05-05T13:24:00Z,,0.74973,0.74972,0.74988,0.74985,0.74969,0.74965,0.7498,0.74976,-1
2016-05-05T13:25:00Z,,0.7498,0.74976,0.74987,0.74986,0.74975,0.74973,0.74975,0.74973,-1
2016-05-05T13:26:00Z,,0.74975,0.74973,0.75011,0.75009,0.74972,0.74969,0.75006,0.75002,-1
2016-05-05T13:27:00Z,,0.75006,0.75002,0.7501,0.75005,0.74967,0.74963,0.74977,0.74973,-1
2016-05-05T13:28:00Z,,0.74977,0.74973,0.74995,0.74992,0.74957,0.74955,0.74963,0.7496,-1
2016-05-05T13:29:00Z,,0.74963,0.7496,0.74978,0.74977,0.74958,0.74954,0.74969,0.74968,-1
2016-05-05T13:30:00Z,,0.74969,0.74968,0.75001,0.74998,0.74968,0.74965,0.74999,0.74997,-1
2016-05-05T13:31:00Z,,0.74999,0.74997,0.75016,0.75014,0.74979,0.74978,0.74984,0.74981,-1
2016-05-05T13:32:00Z,,0.74984,0.74981,0.74984,0.74983,0.74902,0.74898,0.74908,0.74907,-1
2016-05-05T13:33:00Z,,0.74908,0.74907,0.74916,0.74911,0.74874,0.74871,0.74875,0.74872,-1
2016-05-05T13:34:00Z,,0.74875,0.74872,0.74897,0.74893,0.74875,0.74871,0.74885,0.74882,-1
2016-05-05T13:35:00Z,,0.74885,0.74882,0.74904,0.74902,0.74876,0.74874,0.74878,0.74875,-1
2016-05-05T13:36:00Z,,0.74878,0.74875,0.74878,0.74876,0.74827,0.74825,0.74837,0.74834,-1
2016-05-05T13:37:00Z,,0.74837,0.74834,0.74876,0.74874,0.74836,0.74833,0.74864,0.74861,-1
2016-05-05T13:38:00Z,,0.74864,0.74861,0.74873,0.7487,0.74846,0.74845,0.74867,0.74866,-1
2016-05-05T13:39:00Z,,0.74867,0.74866,0.74898,0.74896,0.74867,0.74864,0.74898,0.74896,-1
2016-05-05T13:40:00Z,,0.74898,0.74896,0.74905,0.74904,0.74887,0.74885,0.74897,0.74896,-1
2016-05-05T13:41:00Z,,0.74897,0.74896,0.74904,0.74902,0.74888,0.74886,0.74896,0.74895,-1
2016-05-05T13:42:00Z,,0.74896,0.74895,0.74919,0.74918,0.74895,0.74893,0.74915,0.74913,-1
2016-05-05T13:43:00Z,,0.74915,0.74913,0.74917,0.74916,0.74885,0.74883,0.74897,0.74896,-1
2016-05-05T13:44:00Z,,0.74897,0.74896,0.74897,0.74896,0.74844,0.74841,0.74859,0.74857,-1
2016-05-05T13:45:00Z,,0.74859,0.74857,0.74867,0.74866,0.74833,0.74831,0.74846,0.74844,-1
2016-05-05T13:46:00Z,,0.74846,0.74844,0.74865,0.74863,0.74806,0.74805,0.74824,0.74823,-1
2016-05-05T13:47:00Z,,0.74824,0.74823,0.74856,0.74854,0.74817,0.74814,0.74856,0.74852,-1
2016-05-05T13:48:00Z,,0.74856,0.74852,0.74879,0.74876,0.74836,0.74832,0.74867,0.74866,-1
2016-05-05T13:49:00Z,,0.74867,0.74866,0.74878,0.74876,0.74856,0.74853,0.74875,0.74871,-1
2016-05-05T13:50:00Z,,0.74875,0.74871,0.74875,0.74871,0.74836,0.74832,0.74855,0.74853,-1
2016-05-05T13:51:00Z,,0.74855,0.74853,0.74878,0.74877,0.74854,0.74853,0.74857,0.74856,-1
2016-05-05T13:52:00Z,,0.74857,0.74856,0.74876,0.74874,0.74852,0.7485,0.74865,0.74861,-1
2016-05-05T13:53:00Z,,0.74865,0.74861,0.74876,0.74874,0.74855,0.74853,0.74866,0.74865,-1
2016-05-05T13:54:00Z,,0.74866,0.74865,0.74874,0.74873,0.74844,0.7484,0.74844,0.74842,-1
2016-05-05T13:55:00Z,,0.74844,0.74842,0.74846,0.74844,0.74794,0.74792,0.74805,0.74801,-1
2016-05-05T13:56:00Z,,0.74805,0.74801,0.74809,0.74808,0.74795,0.74791,0.74807,0.74805,-1
2016-05-05T13:57:00Z,,0.74807,0.74805,0.74857,0.74855,0.74807,0.74805,0.74828,0.74825,-1
2016-05-05T13:58:00Z,,0.74828,0.74825,0.7483,0.74826,0.74784,0.74783,0.74806,0.74803,-1
2016-05-05T13:59:00Z,,0.74806,0.74803,0.74822,0.74819,0.74784,0.74783,0.74786,0.74783,-1
2016-05-05T14:00:00Z,,0.74786,0.74783,0.74786,0.74783,0.74754,0.74751,0.74754,0.74751,-1
2016-05-05T14:01:00Z,,0.74754,0.74751,0.74777,0.74774,0.74754,0.74751,0.74768,0.74765,-1
2016-05-05T14:02:00Z,,0.74768,0.74765,0.74775,0.74773,0.74756,0.74754,0.74766,0.74763,-1
2016-05-05T14:03:00Z,,0.74766,0.74763,0.7478,0.74779,0.74764,0.74763,0.74777,0.74773,-1
2016-05-05T14:04:00Z,,0.74777,0.74773,0.74799,0.74796,0.74761,0.74757,0.74796,0.74792,-1
2016-05-05T14:05:00Z,,0.74796,0.74792,0.74807,0.74806,0.74762,0.7476,0.74773,0.74772,-1
2016-05-05T14:06:00Z,,0.74773,0.74772,0.74809,0.74806,0.74772,0.74771,0.74805,0.74804,-1
2016-05-05T14:07:00Z,,0.74805,0.74804,0.74828,0.74826,0.74803,0.74801,0.74808,0.74807,-1
2016-05-05T14:08:00Z,,0.74808,0.74807,0.74815,0.74813,0.74785,0.74783,0.74807,0.74804,-1
2016-05-05T14:09:00Z,,0.74807,0.74804,0.74817,0.74815,0.74797,0.74794,0.74808,0.74806,-1
2016-05-05T14:10:00Z,,0.74808,0.74806,0.74814,0.74812,0.74787,0.74784,0.74796,0.74793,-1
2016-05-05T14:11:00Z,,0.74796,0.74793,0.74817,0.74814,0.74796,0.74793,0.74816,0.74813,-1
2016-05-05T14:12:00Z,,0.74816,0.74813,0.74849,0.74845,0.74809,0.74805,0.74839,0.74837,-1
2016-05-05T14:13:00Z,,0.74839,0.74837,0.74849,0.74846,0.74835,0.74832,0.74847,0.74844,-1
2016-05-05T14:14:00Z,,0.74847,0.74844,0.74847,0.74844,0.74818,0.74815,0.74838,0.74834,-1
2016-05-05T14:15:00Z,,0.74838,0.74834,0.74847,0.74844,0.74825,0.74823,0.74843,0.74839,-1
2016-05-05T14:16:00Z,,0.74843,0.74839,0.74868,0.74864,0.74814,0.74811,0.74868,0.74864,-1
2016-05-05T14:17:00Z,,0.74868,0.74864,0.74871,0.74869,0.74857,0.74854,0.7487,0.74869,-1
2016-05-05T14:18:00Z,,0.7487,0.74869,0.7487,0.74869,0.7483,0.74826,0.74849,0.74845,-1
2016-05-05T14:19:00Z,,0.74849,0.74845,0.74856,0.74854,0.74824,0.74823,0.74846,0.74845,-1
2016-05-05T14:20:00Z,,0.74846,0.74845,0.74858,0.74857,0.74838,0.74836,0.74858,0.74856,-1
2016-05-05T14:21:00Z,,0.74858,0.74856,0.7488,0.74878,0.74856,0.74855,0.74865,0.74863,-1
2016-05-05T14:22:00Z,,0.74865,0.74863,0.74872,0.7487,0.74856,0.74854,0.74868,0.74866,-1
2016-05-05T14:23:00Z,,0.74868,0.74866,0.74868,0.74867,0.74821,0.74818,0.74825,0.74823,-1
2016-05-05T14:24:00Z,,0.74825,0.74823,0.74848,0.74844,0.7482,0.74818,0.74824,0.74823,-1
2016-05-05T14:25:00Z,,0.74824,0.74823,0.74827,0.74824,0.74797,0.74795,0.748,0.74797,-1
2016-05-05T14:26:00Z,,0.748,0.74797,0.7485,0.74849,0.748,0.74797,0.74837,0.74836,-1
2016-05-05T14:27:00Z,,0.74837,0.74836,0.74849,0.74847,0.74817,0.74816,0.74848,0.74847,-1
2016-05-05T14:28:00Z,,0.74848,0.74847,0.74868,0.74867,0.74845,0.74841,0.74867,0.74865,-1
2016-05-05T14:29:00Z,,0.74867,0.74865,0.74868,0.74867,0.74846,0.74844,0.7486,0.74856,-1
2016-05-05T14:30:00Z,,0.7486,0.74856,0.74864,0.7486,0.74836,0.74833,0.74856,0.74855,-1
2016-05-05T14:31:00Z,,0.74856,0.74855,0.74867,0.74866,0.74847,0.74844,0.74854,0.74853,-1
2016-05-05T14:32:00Z,,0.74854,0.74853,0.74857,0.74855,0.74841,0.7484,0.74856,0.74853,-1
2016-05-05T14:33:00Z,,0.74856,0.74853,0.74856,0.74853,0.74825,0.74822,0.74825,0.74822,-1
2016-05-05T14:34:00Z,,0.74825,0.74822,0.74832,0.7483,0.74795,0.74793,0.74805,0.74802,-1
2016-05-05T14:35:00Z,,0.74805,0.74802,0.74805,0.74804,0.74786,0.74783,0.74797,0.74793,-1
2016-05-05T14:36:00Z,,0.74797,0.74793,0.74798,0.74796,0.74773,0.7477,0.74786,0.74784,-1
2016-05-05T14:37:00Z,,0.74786,0.74784,0.74789,0.74788,0.74736,0.74735,0.74737,0.74736,-1
2016-05-05T14:38:00Z,,0.74737,0.74736,0.74754,0.74752,0.74726,0.74725,0.74745,0.74742,-1
2016-05-05T14:39:00Z,,0.74745,0.74742,0.74745,0.74742,0.74681,0.7468,0.74687,0.74686,-1
2016-05-05T14:40:00Z,,0.74687,0.74686,0.74708,0.74705,0.74682,0.74679,0.74685,0.74684,-1
2016-05-05T14:41:00Z,,0.74685,0.74684,0.74688,0.74685,0.7466,0.74658,0.74684,0.74683,-1
2016-05-05T14:42:00Z,,0.74684,0.74683,0.74693,0.74691,0.74672,0.74671,0.74687,0.74685,-1
2016-05-05T14:43:00Z,,0.74687,0.74685,0.74706,0.74704,0.74687,0.74685,0.74706,0.74703,-1
2016-05-05T14:44:00Z,,0.74706,0.74703,0.74716,0.74712,0.74687,0.74686,0.74697,0.74696,-1
2016-05-05T14:45:00Z,,0.74697,0.74696,0.74697,0.74696,0.74665,0.74662,0.74675,0.74672,-1
2016-05-05T14:46:00Z,,0.74675,0.74672,0.74684,0.74683,0.74656,0.74654,0.74657,0.74654,-1
2016-05-05T14:47:00Z,,0.74657,0.74654,0.74676,0.74673,0.74655,0.74654,0.7467,0.74668,-1
2016-05-05T14:48:00Z,,0.7467,0.74668,0.7467,0.74668,0.74649,0.74646,0.74656,0.74654,-1
2016-05-05T14:49:00Z,,0.74656,0.74654,0.74684,0.74682,0.74654,0.74653,0.74667,0.74666,-1
2016-05-05T14:50:00Z,,0.74667,0.74666,0.74688,0.74685,0.74665,0.74664,0.74676,0.74674,-1
2016-05-05T14:51:00Z,,0.74676,0.74674,0.74683,0.74682,0.74655,0.74653,0.74672,0.74671,-1
2016-05-05T14:52:00Z,,0.74672,0.74671,0.74687,0.74684,0.74665,0.74664,0.74677,0.74675,-1
2016-05-05T14:53:00Z,,0.74677,0.74675,0.7472,0.74716,0.74677,0.74675,0.7472,0.74716,-1
2016-05-05T14:54:00Z,,0.7472,0.74716,0.7472,0.74716,0.74695,0.74692,0.74695,0.74694,-1
2016-05-05T14:55:00Z,,0.74695,0.74694,0.74695,0.74694,0.74649,0.74644,0.74656,0.74653,-1
2016-05-05T14:56:00Z,,0.74656,0.74653,0.74696,0.74695,0.74645,0.74642,0.74696,0.74695,-1
2016-05-05T14:57:00Z,,0.74696,0.74695,0.7471,0.74709,0.74685,0.74683,0.74687,0.74686,-1
2016-05-05T14:58:00Z,,0.74687,0.74686,0.74698,0.74695,0.74686,0.74682,0.74686,0.74683,-1
2016-05-05T14:59:00Z,,0.74686,0.74683,0.74701,0.74698,0.74677,0.74675,0.74697,0.74694,-1
2016-05-05T15:00:00Z,,0.74697,0.74694,0.74716,0.74715,0.74685,0.74684,0.74686,0.74685,-1
2016-05-05T15:01:00Z,,0.74686,0.74685,0.74705,0.74704,0.74684,0.74681,0.74705,0.74703,-1
2016-05-05T15:02:00Z,,0.74705,0.74703,0.74705,0.74704,0.74684,0.74683,0.74693,0.7469,-1
2016-05-05T15:03:00Z,,0.74693,0.7469,0.74697,0.74696,0.74684,0.74682,0.74685,0.74684,-1
2016-05-05T15:04:00Z,,0.74685,0.74684,0.74708,0.74705,0.74677,0.74676,0.74701,0.74699,-1
2016-05-05T15:05:00Z,,0.74701,0.74699,0.74717,0.74715,0.74695,0.74694,0.74708,0.74707,-1
2016-05-05T15:06:00Z,,0.74708,0.74707,0.74744,0.74742,0.74704,0.747,0.74743,0.74741,-1
2016-05-05T15:07:00Z,,0.74743,0.74741,0.74743,0.74741,0.74719,0.74716,0.74719,0.74718,-1
2016-05-05T15:08:00Z,,0.74719,0.74718,0.74733,0.74729,0.74716,0.74715,0.7472,0.74717,-1
2016-05-05T15:09:00Z,,0.7472,0.74717,0.7473,0.74726,0.74699,0.74696,0.74705,0.74704,-1
2016-05-05T15:10:00Z,,0.74705,0.74704,0.74707,0.74704,0.74686,0.74683,0.74687,0.74685,-1
2016-05-05T15:11:00Z,,0.74687,0.74685,0.74698,0.74695,0.74654,0.74651,0.74662,0.74661,-1
2016-05-05T15:12:00Z,,0.74662,0.74661,0.74668,0.74665,0.74639,0.74637,0.74666,0.74662,-1
2016-05-05T15:13:00Z,,0.74666,0.74662,0.74688,0.74685,0.74652,0.74649,0.74669,0.74668,-1
2016-05-05T15:14:00Z,,0.74669,0.74668,0.74687,0.74684,0.74645,0.74644,0.74645,0.74644,-1
2016-05-05T15:15:00Z,,0.74645,0.74644,0.74658,0.74655,0.74627,0.74624,0.74642,0.74639,-1
2016-05-05T15:16:00Z,,0.74642,0.74639,0.74642,0.74639,0.74611,0.7461,0.74637,0.74634,-1
2016-05-05T15:17:00Z,,0.74637,0.74634,0.74656,0.74653,0.74637,0.74634,0.74656,0.74653,-1
2016-05-05T15:18:00Z,,0.74656,0.74653,0.74708,0.74705,0.74651,0.74649,0.74703,0.747,-1
2016-05-05T15:19:00Z,,0.74703,0.747,0.7473,0.74727,0.74684,0.74682,0.74718,0.74715,-1
2016-05-05T15:20:00Z,,0.74718,0.74715,0.74718,0.74715,0.74683,0.7468,0.74685,0.74682,-1
2016-05-05T15:21:00Z,,0.74685,0.74682,0.74692,0.74688,0.74658,0.74654,0.74665,0.74661,-1
2016-05-05T15:22:00Z,,0.74665,0.74661,0.74675,0.74673,0.74641,0.7464,0.74674,0.74671,-1
2016-05-05T15:23:00Z,,0.74674,0.74671,0.74701,0.747,0.74674,0.74671,0.74696,0.74692,-1
2016-05-05T15:24:00Z,,0.74696,0.74692,0.74726,0.74722,0.7469,0.74686,0.74715,0.74711,-1
2016-05-05T15:25:00Z,,0.74715,0.74711,0.74738,0.74734,0.74715,0.74711,0.74719,0.74715,-1
2016-05-05T15:26:00Z,,0.74719,0.74715,0.74733,0.74731,0.74716,0.74712,0.74716,0.74712,-1
2016-05-05T15:27:00Z,,0.74716,0.74712,0.74736,0.74734,0.74716,0.74712,0.74736,0.74732,-1
2016-05-05T15:28:00Z,,0.74736,0.74732,0.74736,0.74732,0.74716,0.74713,0.7472,0.74717,-1
2016-05-05T15:29:00Z,,0.7472,0.74717,0.74737,0.74734,0.74716,0.74712,0.74734,0.7473,-1
2016-05-05T15:30:00Z,,0.74734,0.7473,0.74747,0.74745,0.74733,0.7473,0.74741,0.74738,-1
2016-05-05T15:31:00Z,,0.74741,0.74738,0.74745,0.74744,0.74734,0.74733,0.74744,0.74741,-1
2016-05-05T15:32:00Z,,0.74744,0.74741,0.74746,0.74744,0.74737,0.74736,0.74745,0.74743,-1
2016-05-05T15:33:00Z,,0.74745,0.74743,0.74745,0.74744,0.74724,0.74721,0.74725,0.74721,-1
2016-05-05T15:34:00Z,,0.74725,0.74721,0.74725,0.74722,0.74712,0.7471,0.74716,0.74715,-1
2016-05-05T15:35:00Z,,0.74716,0.74715,0.74734,0.74731,0.74716,0.74713,0.74725,0.74721,-1
2016-05-05T15:36:00Z,,0.74725,0.74721,0.74737,0.74733,0.74723,0.7472,0.74732,0.74728,-1
2016-05-05T15:37:00Z,,0.74732,0.74728,0.74737,0.74734,0.74728,0.74725,0.74734,0.74732,-1
2016-05-05T15:38:00Z,,0.74734,0.74732,0.74753,0.7475,0.74734,0.74732,0.74753,0.74749,-1
2016-05-05T15:39:00Z,,0.74753,0.74749,0.74765,0.74761,0.74745,0.7474,0.74756,0.74755,-1
2016-05-05T15:40:00Z,,0.74756,0.74755,0.74763,0.7476,0.74719,0.74718,0.7472,0.74718,-1
2016-05-05T15:41:00Z,,0.7472,0.74718,0.74732,0.74731,0.74711,0.7471,0.74727,0.74724,-1
2016-05-05T15:42:00Z,,0.74727,0.74724,0.74736,0.74735,0.74725,0.74723,0.74727,0.74724,-1
2016-05-05T15:43:00Z,,0.74727,0.74724,0.7473,0.74729,0.74712,0.74711,0.74716,0.74714,-1
2016-05-05T15:44:00Z,,0.74716,0.74714,0.74717,0.74714,0.74695,0.74692,0.74698,0.74695,-1
2016-05-05T15:45:00Z,,0.74698,0.74695,0.74702,0.747,0.74694,0.74691,0.74698,0.74694,-1
2016-05-05T15:46:00Z,,0.74698,0.74694,0.74701,0.74698,0.74678,0.74676,0.74688,0.74684,-1
2016-05-05T15:47:00Z,,0.74688,0.74684,0.74702,0.747,0.74687,0.74684,0.74698,0.74695,-1
2016-05-05T15:48:00Z,,0.74698,0.74695,0.747,0.74697,0.74687,0.74685,0.74696,0.74695,-1
2016-05-05T15:49:00Z,,0.74696,0.74695,0.74698,0.74696,0.74684,0.74682,0.7469,0.74687,-1
2016-05-05T15:50:00Z,,0.7469,0.74687,0.74702,0.747,0.74687,0.74684,0.74697,0.74694,-1
2016-05-05T15:51:00Z,,0.74697,0.74694,0.74706,0.74703,0.74693,0.74691,0.74693,0.74691,-1
2016-05-05T15:52:00Z,,0.74693,0.74691,0.74697,0.74694,0.74675,0.74673,0.74676,0.74674,-1
2016-05-05T15:53:00Z,,0.74676,0.74674,0.74678,0.74677,0.74666,0.74663,0.74673,0.7467,-1
2016-05-05T15:54:00Z,,0.74673,0.7467,0.74678,0.74675,0.74673,0.7467,0.74677,0.74674,-1
2016-05-05T15:55:00Z,,0.74677,0.74674,0.74682,0.74681,0.74658,0.74654,0.74678,0.74675,-1
2016-05-05T15:56:00Z,,0.74678,0.74675,0.74683,0.74681,0.74665,0.74663,0.74677,0.74675,-1
2016-05-05T15:57:00Z,,0.74677,0.74675,0.74685,0.74683,0.74676,0.74673,0.74678,0.74677,-1
2016-05-05T15:58:00Z,,0.74678,0.74677,0.74683,0.74681,0.74674,0.74673,0.74678,0.74674,-1
2016-05-05T15:59:00Z,,0.74678,0.74674,0.74684,0.7468,0.74645,0.74644,0.74648,0.74645,-1
2016-05-05T16:00:00Z,,0.74648,0.74645,0.74659,0.74656,0.74639,0.74636,0.74658,0.74655,-1
2016-05-05T16:01:00Z,,0.74658,0.74655,0.74659,0.74657,0.74647,0.74646,0.74658,0.74656,-1
2016-05-05T16:02:00Z,,0.74658,0.74656,0.74669,0.74666,0.74656,0.74655,0.74665,0.74663,-1
2016-05-05T16:03:00Z,,0.74665,0.74663,0.74672,0.74669,0.74657,0.74655,0.7467,0.74669,-1
2016-05-05T16:04:00Z,,0.7467,0.74669,0.7468,0.74675,0.74664,0.74663,0.74667,0.74666,-1
2016-05-05T16:05:00Z,,0.74667,0.74666,0.74686,0.74685,0.74666,0.74665,0.74679,0.74675,-1
2016-05-05T16:06:00Z,,0.74679,0.74675,0.74689,0.74687,0.74678,0.74675,0.74687,0.74686,-1
2016-05-05T16:07:00Z,,0.74687,0.74686,0.74689,0.74687,0.74686,0.74684,0.74687,0.74686,-1
2016-05-05T16:08:00Z,,0.74687,0.74686,0.74708,0.74705,0.74686,0.74685,0.74707,0.74704,-1
2016-05-05T16:09:00Z,,0.74707,0.74704,0.7471,0.74706,0.74699,0.74696,0.74706,0.74702,-1
2016-05-05T16:10:00Z,,0.74706,0.74702,0.74719,0.74716,0.74699,0.74697,0.74709,0.74706,-1
2016-05-05T16:11:00Z,,0.74709,0.74706,0.74709,0.74706,0.74698,0.74694,0.74699,0.74696,-1
2016-05-05T16:12:00Z,,0.74699,0.74696,0.74703,0.74699,0.74689,0.74687,0.74698,0.74695,-1
2016-05-05T16:13:00Z,,0.74698,0.74695,0.74699,0.74696,0.74688,0.74684,0.74699,0.74696,-1
2016-05-05T16:14:00Z,,0.74699,0.74696,0.74709,0.74707,0.74698,0.74695,0.74706,0.74705,-1
2016-05-05T16:15:00Z,,0.74706,0.74705,0.7472,0.74716,0.74706,0.74704,0.74708,0.74705,-1
2016-05-05T16:16:00Z,,0.74708,0.74705,0.7471,0.74709,0.74697,0.74694,0.74708,0.74705,-1
2016-05-05T16:17:00Z,,0.74708,0.74705,0.74717,0.74714,0.74704,0.74702,0.74704,0.74702,-1
2016-05-05T16:18:00Z,,0.74704,0.74702,0.74718,0.74715,0.7469,0.74688,0.74697,0.74694,-1
2016-05-05T16:19:00Z,,0.74697,0.74694,0.74697,0.74695,0.74677,0.74676,0.74677,0.74676,-1
2016-05-05T16:20:00Z,,0.74677,0.74676,0.74687,0.74683,0.74675,0.74672,0.74677,0.74673,-1
2016-05-05T16:21:00Z,,0.74677,0.74673,0.74677,0.74676,0.74636,0.74635,0.74645,0.74642,-1
2016-05-05T16:22:00Z,,0.74645,0.74642,0.74645,0.74642,0.74635,0.74632,0.74644,0.74641,-1
2016-05-05T16:23:00Z,,0.74644,0.74641,0.74651,0.7465,0.74643,0.74641,0.74647,0.74645,-1
2016-05-05T16:24:00Z,,0.74647,0.74645,0.74662,0.7466,0.74645,0.74644,0.7466,0.74657,-1
2016-05-05T16:25:00Z,,0.7466,0.74657,0.74667,0.74666,0.74644,0.74643,0.74646,0.74645,-1
2016-05-05T16:26:00Z,,0.74646,0.74645,0.74657,0.74654,0.74645,0.74643,0.74646,0.74644,-1
2016-05-05T16:27:00Z,,0.74646,0.74644,0.74656,0.74654,0.74643,0.74642,0.74646,0.74644,-1
2016-05-05T16:28:00Z,,0.74646,0.74644,0.74647,0.74644,0.74625,0.74623,0.74628,0.74625,-1
2016-05-05T16:29:00Z,,0.74628,0.74625,0.74645,0.74644,0.74627,0.74625,0.74643,0.74641,-1
2016-05-05T16:30:00Z,,0.74643,0.74641,0.74645,0.74642,0.74626,0.74624,0.74639,0.74637,-1
2016-05-05T16:31:00Z,,0.74639,0.74637,0.7466,0.74655,0.74638,0.74636,0.74653,0.7465,-1
2016-05-05T16:32:00Z,,0.74653,0.7465,0.74669,0.74668,0.74653,0.7465,0.74668,0.74665,-1
2016-05-05T16:33:00Z,,0.74668,0.74665,0.7468,0.74675,0.74666,0.74665,0.74676,0.74674,-1
2016-05-05T16:34:00Z,,0.74676,0.74674,0.74693,0.74691,0.74675,0.74673,0.74675,0.74673,-1
2016-05-05T16:35:00Z,,0.74675,0.74673,0.74679,0.74674,0.74665,0.74663,0.74668,0.74665,-1
2016-05-05T16:36:00Z,,0.74668,0.74665,0.74679,0.74677,0.74665,0.74663,0.74676,0.74673,-1
2016-05-05T16:37:00Z,,0.74676,0.74673,0.74679,0.74677,0.74665,0.74664,0.74676,0.74675,-1
2016-05-05T16:38:00Z,,0.74676,0.74675,0.74686,0.74684,0.74665,0.74663,0.74667,0.74665,-1
2016-05-05T16:39:00Z,,0.74667,0.74665,0.74679,0.74675,0.74665,0.74663,0.74676,0.74675,-1
2016-05-05T16:40:00Z,,0.74676,0.74675,0.74681,0.7468,0.74673,0.74671,0.74674,0.74673,-1
2016-05-05T16:41:00Z,,0.74674,0.74673,0.74685,0.74682,0.74668,0.74666,0.74678,0.74676,-1
2016-05-05T16:42:00Z,,0.74678,0.74676,0.74681,0.7468,0.74667,0.74663,0.74669,0.74666,-1
2016-05-05T16:43:00Z,,0.74669,0.74666,0.74672,0.74668,0.74657,0.74654,0.74668,0.74665,-1
2016-05-05T16:44:00Z,,0.74668,0.74665,0.74678,0.74675,0.74667,0.74663,0.74678,0.74674,-1
2016-05-05T16:45:00Z,,0.74678,0.74674,0.7468,0.74678,0.74665,0.74662,0.74675,0.74672,-1
2016-05-05T16:46:00Z,,0.74675,0.74672,0.74679,0.74676,0.74667,0.74662,0.74671,0.74669,-1
2016-05-05T16:47:00Z,,0.74671,0.74669,0.74677,0.74675,0.74668,0.74665,0.74669,0.74666,-1
2016-05-05T16:48:00Z,,0.74669,0.74666,0.74688,0.74687,0.74669,0.74666,0.74687,0.74684,-1
2016-05-05T16:49:00Z,,0.74687,0.74684,0.74705,0.74704,0.74687,0.74684,0.74695,0.74692,-1
2016-05-05T16:50:00Z,,0.74695,0.74692,0.74703,0.74699,0.74685,0.74683,0.74699,0.74695,-1
2016-05-05T16:51:00Z,,0.74699,0.74695,0.74703,0.74701,0.74686,0.74683,0.74693,0.74689,-1
2016-05-05T16:52:00Z,,0.74693,0.74689,0.74701,0.74698,0.7469,0.74688,0.74697,0.74694,-1
2016-05-05T16:53:00Z,,0.74697,0.74694,0.74707,0.74704,0.74696,0.74693,0.74703,0.74701,-1
2016-05-05T16:54:00Z,,0.74703,0.74701,0.74707,0.74706,0.74701,0.74699,0.74704,0.74702,-1
2016-05-05T16:55:00Z,,0.74704,0.74702,0.74715,0.74713,0.74703,0.74702,0.74707,0.74704,-1
2016-05-05T16:56:00Z,,0.74707,0.74704,0.74713,0.74711,0.74703,0.74702,0.7471,0.74706,-1
2016-05-05T16:57:00Z,,0.7471,0.74706,0.74713,0.74709,0.74705,0.74702,0.74711,0.74708,-1
2016-05-05T16:58:00Z,,0.74711,0.74708,0.74718,0.74715,0.74711,0.74708,0.74718,0.74714,-1
2016-05-05T16:59:00Z,,0.74718,0.74714,0.74727,0.74724,0.74706,0.74704,0.74712,0.74711,-1
2016-05-05T17:00:00Z,,0.74712,0.74711,0.74714,0.74712,0.74701,0.747,0.74704,0.74701,-1
2016-05-05T17:01:00Z,,0.74704,0.74701,0.74705,0.74702,0.74695,0.74694,0.74698,0.74695,-1
2016-05-05T17:02:00Z,,0.74698,0.74695,0.74702,0.747,0.74697,0.74693,0.74697,0.74694,-1
2016-05-05T17:03:00Z,,0.74697,0.74694,0.74698,0.74696,0.74686,0.74683,0.74686,0.74683,-1
2016-05-05T17:04:00Z,,0.74686,0.74683,0.74687,0.74684,0.7468,0.74678,0.74684,0.74681,-1
2016-05-05T17:05:00Z,,0.74684,0.74681,0.74686,0.74685,0.74684,0.74681,0.74685,0.74682,-1
2016-05-05T17:06:00Z,,0.74685,0.74682,0.74687,0.74686,0.74664,0.74661,0.74667,0.74665,-1
2016-05-05T17:07:00Z,,0.74667,0.74665,0.74678,0.74675,0.74655,0.74653,0.74658,0.74654,-1
2016-05-05T17:08:00Z,,0.74658,0.74654,0.74666,0.74662,0.74644,0.74643,0.74647,0.74644,-1
2016-05-05T17:09:00Z,,0.74647,0.74644,0.74657,0.74654,0.74645,0.74642,0.74645,0.74643,-1
2016-05-05T17:10:00Z,,0.74645,0.74643,0.74658,0.74653,0.74635,0.74631,0.74635,0.74631,-1
2016-05-05T17:11:00Z,,0.74635,0.74631,0.74648,0.74645,0.74627,0.74625,0.74632,0.74629,-1
2016-05-05T17:12:00Z,,0.74632,0.74629,0.74648,0.74645,0.74632,0.74629,0.7464,0.74639,-1
2016-05-05T17:13:00Z,,0.7464,0.74639,0.7465,0.74645,0.7462,0.74619,0.74626,0.74623,-1
2016-05-05T17:14:00Z,,0.74626,0.74623,0.74636,0.74633,0.74615,0.74614,0.7463,0.74626,-1
2016-05-05T17:15:00Z,,0.7463,0.74626,0.7464,0.74636,0.74625,0.74621,0.74639,0.74636,-1
2016-05-05T17:16:00Z,,0.74639,0.74636,0.74639,0.74636,0.74625,0.74621,0.74625,0.74621,-1
2016-05-05T17:17:00Z,,0.74625,0.74621,0.74636,0.74635,0.74616,0.74613,0.74636,0.74635,-1
2016-05-05T17:18:00Z,,0.74636,0.74635,0.74647,0.74642,0.74618,0.74614,0.74626,0.74623,-1
2016-05-05T17:19:00Z,,0.74626,0.74623,0.74626,0.74623,0.74617,0.74614,0.74626,0.74623,-1
2016-05-05T17:20:00Z,,0.74626,0.74623,0.74633,0.7463,0.74617,0.74614,0.74618,0.74616,-1
2016-05-05T17:21:00Z,,0.74618,0.74616,0.74618,0.74616,0.74607,0.74605,0.74615,0.74613,-1
2016-05-05T17:22:00Z,,0.74615,0.74613,0.74622,0.74619,0.74609,0.74606,0.74618,0.74615,-1
2016-05-05T17:23:00Z,,0.74618,0.74615,0.74618,0.74616,0.74595,0.74592,0.74595,0.74594,-1
2016-05-05T17:24:00Z,,0.74595,0.74594,0.74606,0.74604,0.74595,0.74593,0.746,0.74597,-1
2016-05-05T17:25:00Z,,0.746,0.74597,0.74617,0.74616,0.746,0.74597,0.74607,0.74604,-1
2016-05-05T17:26:00Z,,0.74607,0.74604,0.74616,0.74612,0.74596,0.74594,0.74598,0.74595,-1
2016-05-05T17:27:00Z,,0.74598,0.74595,0.74605,0.74602,0.74595,0.74593,0.74598,0.74595,-1
2016-05-05T17:28:00Z,,0.74598,0.74595,0.746,0.74597,0.74576,0.74575,0.74584,0.74582,-1
2016-05-05T17:29:00Z,,0.74584,0.74582,0.74585,0.74584,0.74573,0.74571,0.74577,0.74574,-1
2016-05-05T17:30:00Z,,0.74577,0.74574,0.74607,0.74604,0.74575,0.74571,0.74603,0.74601,-1
2016-05-05T17:31:00Z,,0.74603,0.74601,0.74608,0.74605,0.74589,0.74586,0.74595,0.74593,-1
2016-05-05T17:32:00Z,,0.74595,0.74593,0.74626,0.74624,0.7459,0.74588,0.74618,0.74613,-1
2016-05-05T17:33:00Z,,0.74618,0.74613,0.74619,0.74616,0.74601,0.746,0.74601,0.746,-1
2016-05-05T17:34:00Z,,0.74601,0.746,0.74603,0.74602,0.74588,0.74584,0.74594,0.74593,-1
2016-05-05T17:35:00Z,,0.74594,0.74593,0.74597,0.74594,0.74561,0.74557,0.74565,0.74562,-1
2016-05-05T17:36:00Z,,0.74565,0.74562,0.74584,0.74581,0.74564,0.7456,0.74564,0.74562,-1
2016-05-05T17:37:00Z,,0.74564,0.74562,0.74585,0.74583,0.74563,0.74561,0.74574,0.7457,-1
2016-05-05T17:38:00Z,,0.74574,0.7457,0.74577,0.74574,0.74567,0.74563,0.74567,0.74564,-1
2016-05-05T17:39:00Z,,0.74567,0.74564,0.74577,0.74573,0.74567,0.74564,0.74576,0.74573,-1
2016-05-05T17:40:00Z,,0.74576,0.74573,0.74605,0.74602,0.74576,0.74573,0.74595,0.74591,-1
2016-05-05T17:41:00Z,,0.74595,0.74591,0.74612,0.74609,0.74588,0.74584,0.74588,0.74584,-1
2016-05-05T17:42:00Z,,0.74588,0.74584,0.74617,0.74614,0.74584,0.74582,0.74616,0.74614,-1
2016-05-05T17:43:00Z,,0.74616,0.74614,0.74638,0.74634,0.74606,0.74601,0.7463,0.74627,-1
2016-05-05T17:44:00Z,,0.7463,0.74627,0.74638,0.74634,0.74626,0.74624,0.74627,0.74625,-1
2016-05-05T17:45:00Z,,0.74627,0.74625,0.74637,0.74633,0.74627,0.74625,0.74629,0.74625,-1
2016-05-05T17:46:00Z,,0.74629,0.74625,0.74636,0.74633,0.74617,0.74614,0.74635,0.74633,-1
2016-05-05T17:47:00Z,,0.74635,0.74633,0.74636,0.74633,0.74624,0.74621,0.74633,0.7463,-1
2016-05-05T17:48:00Z,,0.74633,0.7463,0.74644,0.74641,0.74623,0.74621,0.74644,0.74641,-1
2016-05-05T17:49:00Z,,0.74644,0.74641,0.74644,0.74642,0.74633,0.74632,0.74636,0.74633,-1
2016-05-05T17:50:00Z,,0.74636,0.74633,0.74646,0.74643,0.74636,0.74633,0.74636,0.74633,-1
2016-05-05T17:51:00Z,,0.74636,0.74633,0.74636,0.74633,0.74626,0.74622,0.74627,0.74624,-1
2016-05-05T17:52:00Z,,0.74627,0.74624,0.74637,0.74635,0.74625,0.74622,0.74625,0.74623,-1
2016-05-05T17:53:00Z,,0.74625,0.74623,0.74635,0.74632,0.74622,0.7462,0.74626,0.74623,-1
2016-05-05T17:54:00Z,,0.74626,0.74623,0.74628,0.74624,0.74625,0.74621,0.74625,0.74623,-1
2016-05-05T17:55:00Z,,0.74625,0.74623,0.74625,0.74623,0.74605,0.74602,0.74613,0.74612,-1
2016-05-05T17:56:00Z,,0.74613,0.74612,0.74615,0.74612,0.74604,0.74602,0.74614,0.74612,-1
2016-05-05T17:57:00Z,,0.74614,0.74612,0.74617,0.74613,0.74613,0.7461,0.74615,0.74612,-1
2016-05-05T17:58:00Z,,0.74615,0.74612,0.74617,0.74614,0.74614,0.74611,0.74615,0.74614,-1
2016-05-05T17:59:00Z,,0.74615,0.74614,0.74616,0.74614,0.74613,0.74609,0.74613,0.74609,-1
2016-05-05T18:00:00Z,,0.74613,0.74609,0.74613,0.74609,0.74591,0.7459,0.74596,0.74594,-1
2016-05-05T18:01:00Z,,0.74596,0.74594,0.74612,0.7461,0.7459,0.74588,0.74611,0.7461,-1
2016-05-05T18:02:00Z,,0.74611,0.7461,0.74623,0.74622,0.74611,0.7461,0.74622,0.74621,-1
2016-05-05T18:03:00Z,,0.74622,0.74621,0.74635,0.74632,0.74622,0.74621,0.74633,0.74632,-1
2016-05-05T18:04:00Z,,0.74633,0.74632,0.74642,0.7464,0.74633,0.74631,0.74635,0.74634,-1
2016-05-05T18:05:00Z,,0.74635,0.74634,0.74635,0.74634,0.74612,0.7461,0.74614,0.74613,-1
2016-05-05T18:06:00Z,,0.74614,0.74613,0.74615,0.74614,0.74604,0.74601,0.74606,0.74604,-1
2016-05-05T18:07:00Z,,0.74606,0.74604,0.74609,0.74607,0.74597,0.74595,0.74606,0.74604,-1
2016-05-05T18:08:00Z,,0.74606,0.74604,0.74607,0.74604,0.74596,0.74593,0.74604,0.74601,-1
2016-05-05T18:09:00Z,,0.74604,0.74601,0.74605,0.74603,0.74595,0.74593,0.74597,0.74595,-1
2016-05-05T18:10:00Z,,0.74597,0.74595,0.74605,0.74602,0.74593,0.74591,0.74602,0.74598,-1
2016-05-05T18:11:00Z,,0.74602,0.74598,0.74607,0.74606,0.74594,0.74591,0.74605,0.74604,-1
2016-05-05T18:12:00Z,,0.74605,0.74604,0.74615,0.74612,0.74603,0.746,0.74614,0.74612,-1
2016-05-05T18:13:00Z,,0.74614,0.74612,0.74615,0.74614,0.74612,0.74611,0.74612,0.74611,-1
2016-05-05T18:14:00Z,,0.74612,0.74611,0.74613,0.74611,0.74604,0.74601,0.74605,0.74604,-1
2016-05-05T18:15:00Z,,0.74605,0.74604,0.7461,0.74608,0.74592,0.7459,0.74594,0.74591,-1
2016-05-05T18:16:00Z,,0.74594,0.74591,0.74594,0.74591,0.74592,0.74589,0.74593,0.74591,-1
2016-05-05T18:17:00Z,,0.74593,0.74591,0.74604,0.74602,0.74593,0.7459,0.74603,0.74601,-1
2016-05-05T18:18:00Z,,0.74603,0.74601,0.74603,0.74601,0.74593,0.74591,0.74597,0.74596,-1
2016-05-05T18:19:00Z,,0.74597,0.74596,0.74598,0.74597,0.74586,0.74585,0.74594,0.74592,-1
2016-05-05T18:20:00Z,,0.74594,0.74592,0.74616,0.74613,0.74594,0.74592,0.74616,0.74612,-1
2016-05-05T18:21:00Z,,0.74616,0.74612,0.74634,0.74633,0.74615,0.74612,0.74629,0.74625,-1
2016-05-05T18:22:00Z,,0.74629,0.74625,0.74638,0.74634,0.74629,0.74625,0.74635,0.74632,-1
2016-05-05T18:23:00Z,,0.74635,0.74632,0.74656,0.74652,0.74635,0.74632,0.74638,0.74634,-1
2016-05-05T18:24:00Z,,0.74638,0.74634,0.74642,0.7464,0.74633,0.74629,0.74634,0.74631,-1
2016-05-05T18:25:00Z,,0.74634,0.74631,0.74643,0.74641,0.74602,0.74601,0.74602,0.74601,-1
2016-05-05T18:26:00Z,,0.74602,0.74601,0.74612,0.74611,0.74594,0.74591,0.74599,0.74596,-1
2016-05-05T18:27:00Z,,0.74599,0.74596,0.74608,0.74606,0.74594,0.74591,0.74607,0.74605,-1
2016-05-05T18:28:00Z,,0.74607,0.74605,0.74611,0.7461,0.74595,0.74593,0.74603,0.746,-1
2016-05-05T18:29:00Z,,0.74603,0.746,0.7461,0.74606,0.74597,0.74594,0.74604,0.74603,-1
2016-05-05T18:30:00Z,,0.74604,0.74603,0.74608,0.74605,0.74596,0.74593,0.74607,0.74605,-1
2016-05-05T18:31:00Z,,0.74607,0.74605,0.74611,0.74609,0.74604,0.74603,0.74607,0.74605,-1
2016-05-05T18:32:00Z,,0.74607,0.74605,0.7461,0.74605,0.74606,0.74605,0.74606,0.74605,-1
2016-05-05T18:33:00Z,,0.74606,0.74605,0.74616,0.74612,0.74606,0.74603,0.74616,0.74612,-1
2016-05-05T18:34:00Z,,0.74616,0.74612,0.74617,0.74613,0.74605,0.74602,0.74606,0.74604,-1
2016-05-05T18:35:00Z,,0.74606,0.74604,0.74637,0.74635,0.74605,0.74603,0.74637,0.74635,-1
2016-05-05T18:36:00Z,,0.74637,0.74635,0.74639,0.74635,0.74626,0.74622,0.74629,0.74625,-1
2016-05-05T18:37:00Z,,0.74629,0.74625,0.74629,0.74625,0.74617,0.74615,0.74619,0.74615,-1
2016-05-05T18:38:00Z,,0.74619,0.74615,0.74619,0.74615,0.74608,0.74604,0.74608,0.74604,-1
2016-05-05T18:39:00Z,,0.74608,0.74604,0.74617,0.74613,0.74597,0.74594,0.74598,0.74595,-1
2016-05-05T18:40:00Z,,0.74598,0.74595,0.74609,0.74607,0.74594,0.74592,0.74608,0.74605,-1
2016-05-05T18:41:00Z,,0.74608,0.74605,0.74608,0.74606,0.74607,0.74603,0.74607,0.74603,-1
2016-05-05T18:42:00Z,,0.74607,0.74603,0.74608,0.74605,0.74598,0.74594,0.74606,0.74602,-1
2016-05-05T18:43:00Z,,0.74606,0.74602,0.74606,0.74604,0.74597,0.74594,0.74598,0.74595,-1
2016-05-05T18:44:00Z,,0.74598,0.74595,0.74616,0.74614,0.74593,0.74592,0.74616,0.74614,-1
2016-05-05T18:45:00Z,,0.74616,0.74614,0.74629,0.74625,0.74616,0.74614,0.74628,0.74625,-1
2016-05-05T18:46:00Z,,0.74628,0.74625,0.74641,0.74638,0.74627,0.74625,0.7464,0.74637,-1
2016-05-05T18:47:00Z,,0.7464,0.74637,0.74648,0.74644,0.74638,0.74635,0.74638,0.74635,-1
2016-05-05T18:48:00Z,,0.74638,0.74635,0.74649,0.74645,0.74637,0.74635,0.74649,0.74645,-1
2016-05-05T18:49:00Z,,0.74649,0.74645,0.74649,0.74647,0.74637,0.74635,0.74637,0.74635,-1
2016-05-05T18:50:00Z,,0.74637,0.74635,0.74652,0.74649,0.74637,0.74635,0.74648,0.74644,-1
2016-05-05T18:51:00Z,,0.74648,0.74644,0.74649,0.74645,0.74633,0.74632,0.74635,0.74632,-1
2016-05-05T18:52:00Z,,0.74635,0.74632,0.74642,0.74641,0.74634,0.74631,0.74635,0.74631,-1
2016-05-05T18:53:00Z,,0.74635,0.74631,0.74637,0.74634,0.74625,0.74622,0.74627,0.74623,-1
2016-05-05T18:54:00Z,,0.74627,0.74623,0.74636,0.74634,0.74626,0.74623,0.74635,0.74633,-1
2016-05-05T18:55:00Z,,0.74635,0.74633,0.74638,0.74636,0.74634,0.74632,0.74638,0.74635,-1
2016-05-05T18:56:00Z,,0.74638,0.74635,0.74638,0.74635,0.74626,0.74622,0.74626,0.74622,-1
2016-05-05T18:57:00Z,,0.74626,0.74622,0.74628,0.74625,0.74619,0.74617,0.74626,0.74624,-1
2016-05-05T18:58:00Z,,0.74626,0.74624,0.74626,0.74624,0.74617,0.74614,0.74618,0.74615,-1
2016-05-05T18:59:00Z,,0.74618,0.74615,0.74618,0.74615,0.74597,0.74596,0.74609,0.74606,-1
2016-05-05T19:00:00Z,,0.74609,0.74606,0.74609,0.74606,0.74597,0.74595,0.74606,0.74605,-1
2016-05-05T19:01:00Z,,0.74606,0.74605,0.74609,0.74605,0.74606,0.74603,0.74606,0.74603,-1
2016-05-05T19:02:00Z,,0.74606,0.74603,0.74607,0.74604,0.74596,0.74595,0.74596,0.74595,-1
2016-05-05T19:03:00Z,,0.74596,0.74595,0.74605,0.74602,0.74596,0.74595,0.74597,0.74595,-1
2016-05-05T19:04:00Z,,0.74597,0.74595,0.746,0.74595,0.74586,0.74585,0.74596,0.74594,-1
2016-05-05T19:05:00Z,,0.74596,0.74594,0.74601,0.746,0.74588,0.74585,0.74588,0.74585,-1
2016-05-05T19:06:00Z,,0.74588,0.74585,0.74596,0.74594,0.74585,0.74583,0.74585,0.74584,-1
2016-05-05T19:07:00Z,,0.74585,0.74584,0.74597,0.74595,0.74585,0.74584,0.74596,0.74595,-1
2016-05-05T19:08:00Z,,0.74596,0.74595,0.74606,0.74603,0.74596,0.74594,0.74606,0.74603,-1
2016-05-05T19:09:00Z,,0.74606,0.74603,0.74618,0.74615,0.74606,0.74603,0.74617,0.74614,-1
2016-05-05T19:10:00Z,,0.74617,0.74614,0.74617,0.74614,0.74605,0.74601,0.74607,0.74603,-1
2016-05-05T19:11:00Z,,0.74607,0.74603,0.74607,0.74603,0.74606,0.74602,0.74606,0.74603,-1
2016-05-05T19:12:00Z,,0.74606,0.74603,0.74608,0.74605,0.74604,0.746,0.74607,0.74603,-1
2016-05-05T19:13:00Z,,0.74607,0.74603,0.74616,0.74612,0.74605,0.74601,0.74613,0.74609,-1
2016-05-05T19:14:00Z,,0.74613,0.74609,0.74618,0.74615,0.74606,0.74603,0.74607,0.74604,-1
2016-05-05T19:15:00Z,,0.74607,0.74604,0.74617,0.74615,0.74606,0.74602,0.74614,0.74611,-1
2016-05-05T19:16:00Z,,0.74614,0.74611,0.74618,0.74615,0.74614,0.74611,0.74617,0.74615,-1
2016-05-05T19:17:00Z,,0.74617,0.74615,0.74619,0.74615,0.74616,0.74613,0.74619,0.74615,-1
2016-05-05T19:18:00Z,,0.74619,0.74615,0.74619,0.74615,0.74607,0.74603,0.74608,0.74605,-1
2016-05-05T19:19:00Z,,0.74608,0.74605,0.74627,0.74626,0.74607,0.74604,0.74627,0.74624,-1
2016-05-05T19:20:00Z,,0.74627,0.74624,0.74627,0.74625,0.74617,0.74614,0.74617,0.74615,-1
2016-05-05T19:21:00Z,,0.74617,0.74615,0.74629,0.74627,0.74617,0.74615,0.74629,0.74627,-1
2016-05-05T19:22:00Z,,0.74629,0.74627,0.74629,0.74628,0.74625,0.74622,0.74626,0.74623,-1
2016-05-05T19:23:00Z,,0.74626,0.74623,0.74636,0.74632,0.74623,0.74619,0.74629,0.74626,-1
2016-05-05T19:24:00Z,,0.74629,0.74626,0.74637,0.74635,0.74627,0.74625,0.74636,0.74634,-1
2016-05-05T19:25:00Z,,0.74636,0.74634,0.74639,0.74637,0.74636,0.74632,0.74636,0.74633,-1
2016-05-05T19:26:00Z,,0.74636,0.74633,0.74639,0.74635,0.74628,0.74624,0.74628,0.74626,-1
2016-05-05T19:27:00Z,,0.74628,0.74626,0.7463,0.74627,0.74627,0.74626,0.74629,0.74626,-1
2016-05-05T19:28:00Z,,0.74629,0.74626,0.74638,0.74634,0.74626,0.74624,0.74629,0.74626,-1
2016-05-05T19:29:00Z,,0.74629,0.74626,0.74639,0.74637,0.74629,0.74625,0.74636,0.74633,-1
2016-05-05T19:30:00Z,,0.74636,0.74633,0.74639,0.74637,0.74626,0.74624,0.74639,0.74635,-1
2016-05-05T19:31:00Z,,0.74639,0.74635,0.74639,0.74636,0.74632,0.74629,0.74638,0.74635,-1
2016-05-05T19:32:00Z,,0.74638,0.74635,0.74638,0.74635,0.74628,0.74626,0.74629,0.74628,-1
2016-05-05T19:33:00Z,,0.74629,0.74628,0.74638,0.74637,0.74627,0.74623,0.74628,0.74624,-1
2016-05-05T19:34:00Z,,0.74628,0.74624,0.7463,0.74626,0.7462,0.74618,0.74623,0.74621,-1
2016-05-05T19:35:00Z,,0.74623,0.74621,0.74628,0.74625,0.74618,0.74614,0.74618,0.74614,-1
2016-05-05T19:36:00Z,,0.74618,0.74614,0.7462,0.74618,0.74618,0.74614,0.74619,0.74615,-1
2016-05-05T19:37:00Z,,0.74619,0.74615,0.74625,0.74622,0.74615,0.74612,0.74622,0.74619,-1
2016-05-05T19:38:00Z,,0.74622,0.74619,0.74622,0.74619,0.74615,0.74611,0.74618,0.74615,-1
2016-05-05T19:39:00Z,,0.74618,0.74615,0.74624,0.74621,0.74617,0.74614,0.74618,0.74615,-1
2016-05-05T19:40:00Z,,0.74618,0.74615,0.74624,0.74621,0.74608,0.74605,0.7461,0.74607,-1
2016-05-05T19:41:00Z,,0.7461,0.74607,0.74626,0.74623,0.74609,0.74606,0.74626,0.74623,-1
2016-05-05T19:42:00Z,,0.74626,0.74623,0.74626,0.74623,0.74614,0.74612,0.74618,0.74615,-1
2016-05-05T19:43:00Z,,0.74618,0.74615,0.74618,0.74615,0.74608,0.74604,0.74609,0.74606,-1
2016-05-05T19:44:00Z,,0.74609,0.74606,0.74619,0.74616,0.74607,0.74603,0.74619,0.74615,-1
2016-05-05T19:45:00Z,,0.74619,0.74615,0.74628,0.74624,0.74617,0.74615,0.74624,0.74621,-1
2016-05-05T19:46:00Z,,0.74624,0.74621,0.74629,0.74627,0.74624,0.7462,0.74628,0.74625,-1
2016-05-05T19:47:00Z,,0.74628,0.74625,0.74628,0.74625,0.74621,0.74619,0.74627,0.74624,-1
2016-05-05T19:48:00Z,,0.74627,0.74624,0.74638,0.74635,0.74617,0.74615,0.74618,0.74615,-1
2016-05-05T19:49:00Z,,0.74618,0.74615,0.7462,0.74617,0.74613,0.74612,0.74616,0.74614,-1
2016-05-05T19:50:00Z,,0.74616,0.74614,0.74625,0.74623,0.74615,0.74614,0.74625,0.74623,-1
2016-05-05T19:51:00Z,,0.74625,0.74623,0.74627,0.74624,0.74624,0.74623,0.74627,0.74623,-1
2016-05-05T19:52:00Z,,0.74627,0.74623,0.74627,0.74623,0.74622,0.74619,0.74627,0.74623,-1
2016-05-05T19:53:00Z,,0.74627,0.74623,0.74638,0.74635,0.74627,0.74623,0.74638,0.74634,-1
2016-05-05T19:54:00Z,,0.74638,0.74634,0.74641,0.74639,0.74617,0.74613,0.74617,0.74613,-1
2016-05-05T19:55:00Z,,0.74617,0.74613,0.74618,0.74615,0.74614,0.7461,0.74615,0.74612,-1
2016-05-05T19:56:00Z,,0.74615,0.74612,0.74619,0.74616,0.74615,0.74612,0.74619,0.74615,-1
2016-05-05T19:57:00Z,,0.74619,0.74615,0.74629,0.74627,0.74617,0.74614,0.74629,0.74627,-1
2016-05-05T19:58:00Z,,0.74629,0.74627,0.74637,0.74634,0.74627,0.74623,0.74636,0.74634,-1
2016-05-05T19:59:00Z,,0.74636,0.74634,0.74637,0.74634,0.74626,0.74622,0.74632,0.74629,-1
2016-05-05T20:00:00Z,,0.74632,0.74629,0.74637,0.74633,0.74627,0.74623,0.74629,0.74625,-1
2016-05-05T20:01:00Z,,0.74629,0.74625,0.74631,0.74627,0.74628,0.74625,0.74628,0.74625,-1
2016-05-05T20:02:00Z,,0.74628,0.74625,0.74628,0.74625,0.74619,0.74615,0.74621,0.74619,-1
2016-05-05T20:03:00Z,,0.74621,0.74619,0.74629,0.74625,0.74618,0.74617,0.74629,0.74625,-1
2016-05-05T20:04:00Z,,0.74629,0.74625,0.74629,0.74625,0.74617,0.74614,0.74617,0.74616,-1
2016-05-05T20:05:00Z,,0.74617,0.74616,0.74621,0.74618,0.74617,0.74614,0.74621,0.74617,-1
2016-05-05T20:06:00Z,,0.74621,0.74617,0.74626,0.74622,0.74619,0.74616,0.74626,0.74622,-1
2016-05-05T20:07:00Z,,0.74626,0.74622,0.7463,0.74626,0.74625,0.74621,0.74626,0.74623,-1
2016-05-05T20:08:00Z,,0.74626,0.74623,0.74629,0.74625,0.74626,0.74623,0.74627,0.74624,-1
2016-05-05T20:09:00Z,,0.74627,0.74624,0.74628,0.74624,0.74627,0.74623,0.74627,0.74623,-1
2016-05-05T20:10:00Z,,0.74627,0.74623,0.7463,0.74626,0.74626,0.74622,0.74628,0.74625,-1
2016-05-05T20:11:00Z,,0.74628,0.74625,0.74629,0.74625,0.74625,0.74623,0.74627,0.74624,-1
2016-05-05T20:12:00Z,,0.74627,0.74624,0.74629,0.74626,0.74625,0.74624,0.74629,0.74625,-1
2016-05-05T20:13:00Z,,0.74629,0.74625,0.74639,0.74635,0.74627,0.74623,0.74638,0.74635,-1
2016-05-05T20:14:00Z,,0.74638,0.74635,0.74639,0.74636,0.74632,0.74628,0.74637,0.74633,-1
2016-05-05T20:15:00Z,,0.74637,0.74633,0.74637,0.74634,0.74625,0.74622,0.74634,0.7463,-1
2016-05-05T20:16:00Z,,0.74634,0.7463,0.74638,0.74634,0.74627,0.74623,0.74638,0.74634,-1
2016-05-05T20:17:00Z,,0.74638,0.74634,0.74638,0.74634,0.74636,0.74633,0.74637,0.74633,-1
2016-05-05T20:18:00Z,,0.74637,0.74633,0.74637,0.74633,0.74633,0.74629,0.74635,0.74632,-1
2016-05-05T20:19:00Z,,0.74635,0.74632,0.7464,0.74638,0.74632,0.74628,0.74638,0.74634,-1
2016-05-05T20:20:00Z,,0.74638,0.74634,0.74639,0.74635,0.74636,0.74633,0.74637,0.74633,-1
2016-05-05T20:21:00Z,,0.74637,0.74633,0.74637,0.74633,0.74636,0.74633,0.74637,0.74633,-1
2016-05-05T20:22:00Z,,0.74637,0.74633,0.74637,0.74633,0.74631,0.74627,0.74633,0.74629,-1
2016-05-05T20:23:00Z,,0.74633,0.74629,0.74633,0.74629,0.74614,0.7461,0.74616,0.74612,-1
2016-05-05T20:24:00Z,,0.74616,0.74612,0.7462,0.74616,0.74613,0.74609,0.74616,0.74612,-1
2016-05-05T20:25:00Z,,0.74616,0.74612,0.74616,0.74612,0.74615,0.74611,0.74615,0.74611,-1
2016-05-05T20:26:00Z,,0.74615,0.74611,0.74615,0.74611,0.7461,0.74606,0.74611,0.74607,-1
2016-05-05T20:27:00Z,,0.74611,0.74607,0.74611,0.74607,0.7461,0.74606,0.7461,0.74607,-1
2016-05-05T20:28:00Z,,0.7461,0.74607,0.7461,0.74607,0.7459,0.74586,0.74598,0.74596,-1
2016-05-05T20:29:00Z,,0.74598,0.74596,0.74612,0.74611,0.74591,0.74587,0.74605,0.74601,-1
2016-05-05T20:30:00Z,,0.74605,0.74601,0.74613,0.74606,0.74595,0.74589,0.74595,0.74592,-1
2016-05-05T20:31:00Z,,0.74595,0.74592,0.746,0.74594,0.74595,0.74592,0.746,0.74593,-1
2016-05-05T20:32:00Z,,0.746,0.74593,0.74606,0.74601,0.746,0.74593,0.74604,0.74599,-1
2016-05-05T20:33:00Z,,0.74604,0.74599,0.74608,0.74601,0.74603,0.74595,0.74606,0.74598,-1
2016-05-05T20:34:00Z,,0.74606,0.74598,0.74608,0.746,0.74606,0.74598,0.74606,0.74599,-1
2016-05-05T20:35:00Z,,0.74606,0.74599,0.74607,0.74599,0.74606,0.74599,0.74606,0.74599,-1
2016-05-05T20:36:00Z,,0.74606,0.74599,0.74607,0.74599,0.74604,0.74598,0.74605,0.74598,-1
2016-05-05T20:37:00Z,,0.74605,0.74598,0.74608,0.74605,0.74604,0.74598,0.74608,0.74605,-1
2016-05-05T20:38:00Z,,0.74608,0.74605,0.74609,0.74605,0.74607,0.74601,0.74608,0.74601,-1
2016-05-05T20:39:00Z,,0.74608,0.74601,0.7461,0.74603,0.74602,0.74597,0.74609,0.74601,-1
2016-05-05T20:40:00Z,,0.74609,0.74601,0.74609,0.74601,0.74604,0.74598,0.74607,0.74599,-1
2016-05-05T20:41:00Z,,0.74607,0.74599,0.74611,0.746,0.74607,0.74599,0.7461,0.746,-1
2016-05-05T20:42:00Z,,0.7461,0.746,0.74611,0.74601,0.74608,0.746,0.74609,0.74601,-1
2016-05-05T20:43:00Z,,0.74609,0.74601,0.74612,0.74605,0.74609,0.746,0.7461,0.74602,-1
2016-05-05T20:44:00Z,,0.7461,0.74602,0.7461,0.74602,0.7461,0.746,0.7461,0.746,-1
2016-05-05T20:45:00Z,,0.7461,0.746,0.7461,0.74607,0.7461,0.746,0.7461,0.74607,-1
2016-05-05T20:46:00Z,,0.7461,0.74607,0.74628,0.74617,0.7461,0.74605,0.74627,0.74617,-1
2016-05-05T20:47:00Z,,0.74627,0.74617,0.7463,0.7462,0.74627,0.74617,0.74629,0.74618,-1
2016-05-05T20:48:00Z,,0.74629,0.74618,0.74629,0.74619,0.74617,0.7461,0.74617,0.7461,-1
2016-05-05T20:49:00Z,,0.74617,0.7461,0.74627,0.74618,0.74617,0.7461,0.74627,0.74617,-1
2016-05-05T20:50:00Z,,0.74627,0.74617,0.74628,0.7462,0.74626,0.74616,0.74628,0.74616,-1
2016-05-05T20:51:00Z,,0.74628,0.74616,0.74629,0.74617,0.74618,0.7461,0.74618,0.7461,-1
2016-05-05T20:52:00Z,,0.74618,0.7461,0.74618,0.7461,0.74611,0.7461,0.74614,0.7461,-1
2016-05-05T20:53:00Z,,0.74614,0.7461,0.74641,0.74632,0.74613,0.7461,0.74637,0.74628,-1
2016-05-05T20:54:00Z,,0.74637,0.74628,0.74643,0.74636,0.74635,0.74625,0.74642,0.74632,-1
2016-05-05T20:55:00Z,,0.74642,0.74632,0.74653,0.74639,0.74641,0.74632,0.74653,0.74638,-1
2016-05-05T20:56:00Z,,0.74653,0.74638,0.74657,0.74644,0.74652,0.74636,0.74657,0.74644,-1
2016-05-05T20:57:00Z,,0.74657,0.74644,0.74657,0.74644,0.74652,0.74639,0.74652,0.74639,-1
2016-05-05T20:58:00Z,,0.74652,0.74639,0.74657,0.74644,0.74649,0.74636,0.74657,0.74644,-1
2016-05-05T20:59:00Z,,0.74657,0.74644,0.7467,0.74655,0.74645,0.74639,0.74662,0.7465,-1
